Class,Value
uricAcid,460 
uricAcid,182 
uricAcid,254 
uricAcid,159 
uricAcid,566 
uricAcid,188 
uricAcid,373 
uricAcid,344 
uricAcid,332 
uricAcid,388 
uricAcid,530 
uricAcid,325 
uricAcid,350 
uricAcid,302 
uricAcid,285 
uricAcid,260 
uricAcid,184 
uricAcid,353 
uricAcid,420 
uricAcid,196 
uricAcid,250 
uricAcid,404 
uricAcid,458 
uricAcid,167 
uricAcid,291 
uricAcid,281 
uricAcid,221 
uricAcid,330 
uricAcid,272 
uricAcid,264 
uricAcid,225 
uricAcid,335 
uricAcid,188 
uricAcid,293 
uricAcid,338 
uricAcid,236 
uricAcid,248 
uricAcid,301 
uricAcid,383 
uricAcid,307 
uricAcid,309 
uricAcid,340 
uricAcid,244 
uricAcid,311 
uricAcid,126 
uricAcid,194 
uricAcid,83 
uricAcid,86 
uricAcid,120 
uricAcid,203 
uricAcid,90 
uricAcid,268 
uricAcid,115 
uricAcid,108 
uricAcid,151 
uricAcid,127 
uricAcid,200 
uricAcid,213 
uricAcid,310 
uricAcid,187 
uricAcid,132 
uricAcid,180 
uricAcid,281 
uricAcid,238 
uricAcid,207 
uricAcid,150 
uricAcid,201 
uricAcid,252 
uricAcid,182 
uricAcid,160 
uricAcid,303 
uricAcid,236 
uricAcid,302 
uricAcid,405 
uricAcid,401 
uricAcid,309 
uricAcid,279 
uricAcid,545 
uricAcid,353 
uricAcid,261 
uricAcid,266 
uricAcid,366 
uricAcid,381 
uricAcid,364 
uricAcid,189 
uricAcid,263 
uricAcid,251 
uricAcid,214 
uricAcid,263 
uricAcid,300 
uricAcid,242 
uricAcid,349 
uricAcid,281 
uricAcid,346 
uricAcid,258 
uricAcid,267 
uricAcid,278 
uricAcid,283 
uricAcid,357 
uricAcid,282 
uricAcid,263 
uricAcid,251 
uricAcid,329 
uricAcid,252 
uricAcid,228 
uricAcid,267 
uricAcid,235 
uricAcid,298 
uricAcid,209 
uricAcid,284 
uricAcid,287 
uricAcid,247 
uricAcid,195 
uricAcid,285 
uricAcid,209 
uricAcid,344 
uricAcid,505 
uricAcid,333 
uricAcid,341 
uricAcid,354 
uricAcid,242 
uricAcid,278 
uricAcid,332 
uricAcid,319 
uricAcid,335 
uricAcid,367 
uricAcid,340 
uricAcid,243 
uricAcid,383 
uricAcid,313 
uricAcid,400 
uricAcid,327 
uricAcid,247 
uricAcid,407 
uricAcid,396 
uricAcid,355 
uricAcid,517 
uricAcid,231 
uricAcid,496 
uricAcid,587 
uricAcid,318 
uricAcid,338 
uricAcid,383 
uricAcid,317 
uricAcid,331 
uricAcid,291 
uricAcid,274 
uricAcid,497 
uricAcid,252 
uricAcid,236 
uricAcid,383 
uricAcid,351 
uricAcid,278 
uricAcid,180 
uricAcid,332 
uricAcid,219 
uricAcid,253 
uricAcid,401 
uricAcid,377 
uricAcid,322 
uricAcid,332 
uricAcid,306 
uricAcid,261 
uricAcid,454 
uricAcid,399 
uricAcid,258 
uricAcid,313 
uricAcid,328 
uricAcid,304 
uricAcid,430 
uricAcid,364 
uricAcid,367 
uricAcid,320 
uricAcid,253 
uricAcid,552 
uricAcid,256 
uricAcid,281 
uricAcid,339 
uricAcid,291 
uricAcid,373 
uricAcid,165 
uricAcid,502 
uricAcid,327 
uricAcid,477 
uricAcid,214 
uricAcid,376 
uricAcid,154 
uricAcid,284 
uricAcid,290 
uricAcid,488 
uricAcid,413 
uricAcid,232 
uricAcid,509 
uricAcid,289 
uricAcid,309 
uricAcid,195 
uricAcid,630 
uricAcid,325 
uricAcid,421 
uricAcid,277 
uricAcid,357 
uricAcid,298 
uricAcid,244 
uricAcid,285 
uricAcid,208 
uricAcid,590 
uricAcid,660 
uricAcid,444 
uricAcid,314 
uricAcid,410 
uricAcid,324 
uricAcid,417 
uricAcid,456 
uricAcid,237 
uricAcid,131 
uricAcid,308 
uricAcid,250 
uricAcid,442 
uricAcid,265 
uricAcid,348 
uricAcid,272 
uricAcid,542 
uricAcid,263 
uricAcid,273 
uricAcid,341 
uricAcid,341 
uricAcid,249 
uricAcid,430 
uricAcid,327 
uricAcid,550 
uricAcid,240 
uricAcid,418 
uricAcid,343 
uricAcid,535 
uricAcid,342 
uricAcid,363 
uricAcid,233 
uricAcid,318 
uricAcid,248 
uricAcid,432 
uricAcid,238 
uricAcid,206 
uricAcid,158 
uricAcid,252 
uricAcid,296 
uricAcid,191 
uricAcid,316 
uricAcid,256 
uricAcid,264 
uricAcid,196 
uricAcid,169 
uricAcid,334 
uricAcid,267 
uricAcid,201 
uricAcid,333 
uricAcid,262 
uricAcid,480 
uricAcid,283 
uricAcid,416 
uricAcid,257 
uricAcid,441 
uricAcid,333 
uricAcid,145 
uricAcid,336 
uricAcid,338 
uricAcid,214 
uricAcid,259 
uricAcid,404 
uricAcid,300 
uricAcid,188 
uricAcid,283 
uricAcid,79 
uricAcid,280 
uricAcid,254 
uricAcid,243 
uricAcid,262 
uricAcid,376 
uricAcid,273 
uricAcid,205 
uricAcid,156 
uricAcid,210 
uricAcid,367 
uricAcid,230 
uricAcid,237 
uricAcid,169 
uricAcid,240 
uricAcid,239 
uricAcid,231 
uricAcid,234 
uricAcid,213 
uricAcid,236 
uricAcid,218 
uricAcid,190 
uricAcid,205 
uricAcid,198 
uricAcid,282 
uricAcid,217 
uricAcid,265 
uricAcid,201 
uricAcid,356 
uricAcid,615 
uricAcid,305 
uricAcid,295 
uricAcid,466 
uricAcid,154 
uricAcid,328 
uricAcid,383 
uricAcid,301 
uricAcid,307 
uricAcid,323 
uricAcid,246 
uricAcid,331 
uricAcid,533 
uricAcid,275 
uricAcid,544 
uricAcid,209 
uricAcid,484 
uricAcid,226 
uricAcid,251 
uricAcid,350 
uricAcid,329 
uricAcid,277 
uricAcid,354 
uricAcid,274 
uricAcid,363 
uricAcid,252 
uricAcid,193 
uricAcid,368 
uricAcid,251 
uricAcid,328 
uricAcid,178 
uricAcid,342 
uricAcid,446 
uricAcid,392 
uricAcid,397 
uricAcid,371 
uricAcid,314 
uricAcid,354 
uricAcid,301 
uricAcid,472 
uricAcid,286 
uricAcid,279 
uricAcid,287 
uricAcid,251 
uricAcid,234 
uricAcid,223 
uricAcid,232 
uricAcid,342 
uricAcid,409 
uricAcid,332 
uricAcid,230 
uricAcid,222 
uricAcid,329 
uricAcid,310 
uricAcid,285 
uricAcid,308 
uricAcid,253 
uricAcid,201 
uricAcid,255 
uricAcid,248 
uricAcid,424 
uricAcid,216 
uricAcid,264 
uricAcid,260 
uricAcid,386 
uricAcid,495 
uricAcid,465 
uricAcid,347 
uricAcid,219 
uricAcid,316 
uricAcid,267 
uricAcid,385 
uricAcid,311 
uricAcid,255 
uricAcid,288 
uricAcid,206 
uricAcid,236 
uricAcid,252 
uricAcid,301 
uricAcid,266 
uricAcid,457 
uricAcid,458 
uricAcid,376 
uricAcid,279 
uricAcid,160 
uricAcid,245 
uricAcid,216 
uricAcid,322 
uricAcid,251 
uricAcid,215 
uricAcid,347 
uricAcid,238 
uricAcid,448 
uricAcid,292 
uricAcid,320 
uricAcid,396 
uricAcid,301 
uricAcid,221 
uricAcid,305 
uricAcid,209 
uricAcid,295 
uricAcid,257 
uricAcid,236 
uricAcid,373 
uricAcid,310 
uricAcid,266 
uricAcid,334 
uricAcid,251 
uricAcid,273 
uricAcid,372 
uricAcid,309 
uricAcid,256 
uricAcid,336 
uricAcid,149 
uricAcid,332 
uricAcid,250 
uricAcid,297 
uricAcid,316 
uricAcid,395 
uricAcid,292 
uricAcid,310 
uricAcid,285 
uricAcid,515 
uricAcid,344 
uricAcid,232 
uricAcid,201 
uricAcid,311 
uricAcid,188 
uricAcid,201 
uricAcid,286 
uricAcid,155 
uricAcid,255 
uricAcid,249 
uricAcid,333 
uricAcid,230 
uricAcid,297 
uricAcid,312 
uricAcid,203 
uricAcid,380 
uricAcid,216 
uricAcid,232 
uricAcid,178 
uricAcid,313 
uricAcid,295 
uricAcid,229 
uricAcid,383 
uricAcid,243 
uricAcid,272 
uricAcid,204 
uricAcid,471 
uricAcid,273 
uricAcid,283 
uricAcid,279 
uricAcid,249 
uricAcid,323 
uricAcid,295 
uricAcid,329 
uricAcid,284 
uricAcid,267 
uricAcid,250 
uricAcid,284 
uricAcid,214 
uricAcid,281 
uricAcid,224 
uricAcid,221 
uricAcid,333 
uricAcid,534 
uricAcid,319 
uricAcid,283 
uricAcid,225 
uricAcid,261 
uricAcid,378 
uricAcid,274 
uricAcid,425 
uricAcid,493 
uricAcid,258 
uricAcid,315 
uricAcid,285 
uricAcid,306 
uricAcid,355 
uricAcid,285 
uricAcid,196 
uricAcid,195 
uricAcid,304 
uricAcid,190 
uricAcid,353 
uricAcid,277 
uricAcid,315 
uricAcid,309 
uricAcid,277 
uricAcid,274 
uricAcid,291 
uricAcid,309 
uricAcid,233 
uricAcid,289 
uricAcid,238 
uricAcid,219 
uricAcid,300 
uricAcid,234 
uricAcid,228 
uricAcid,480 
uricAcid,283 
uricAcid,191 
uricAcid,313 
uricAcid,291 
uricAcid,245 
uricAcid,267 
uricAcid,289 
uricAcid,265 
uricAcid,344 
uricAcid,215 
uricAcid,269 
uricAcid,194 
uricAcid,269 
uricAcid,487 
uricAcid,285 
uricAcid,168 
uricAcid,352 
uricAcid,325 
uricAcid,311 
uricAcid,381 
uricAcid,289 
uricAcid,216 
uricAcid,299 
uricAcid,386 
uricAcid,236 
uricAcid,248 
uricAcid,243 
uricAcid,317 
uricAcid,325 
uricAcid,449 
uricAcid,377 
uricAcid,236 
uricAcid,264 
uricAcid,506 
uricAcid,271 
uricAcid,356 
uricAcid,146 
uricAcid,392 
uricAcid,261 
uricAcid,313 
uricAcid,359 
uricAcid,421 
uricAcid,182 
uricAcid,256 
uricAcid,335 
uricAcid,263 
uricAcid,246 
uricAcid,126 
uricAcid,222 
uricAcid,254 
uricAcid,221 
uricAcid,325 
uricAcid,294 
uricAcid,242 
uricAcid,289 
uricAcid,245 
uricAcid,246 
uricAcid,266 
uricAcid,226 
uricAcid,259 
uricAcid,217 
uricAcid,295 
uricAcid,185 
uricAcid,246 
uricAcid,196 
uricAcid,344 
uricAcid,237 
uricAcid,305 
uricAcid,312 
uricAcid,364 
uricAcid,336 
uricAcid,420 
uricAcid,323 
uricAcid,379 
uricAcid,149 
uricAcid,270 
uricAcid,319 
uricAcid,467 
uricAcid,229 
uricAcid,498 
uricAcid,385 
uricAcid,299 
uricAcid,475 
uricAcid,293 
uricAcid,196 
uricAcid,342 
uricAcid,235 
uricAcid,148 
uricAcid,425 
uricAcid,279 
uricAcid,290 
uricAcid,328 
uricAcid,236 
uricAcid,329 
uricAcid,309 
uricAcid,385 
uricAcid,244 
uricAcid,322 
uricAcid,284 
uricAcid,265 
uricAcid,348 
uricAcid,336 
uricAcid,252 
uricAcid,229 
uricAcid,274 
uricAcid,318 
uricAcid,235 
uricAcid,317 
uricAcid,350 
uricAcid,284 
uricAcid,336 
uricAcid,222 
uricAcid,331 
uricAcid,288 
uricAcid,316 
uricAcid,330 
uricAcid,379 
uricAcid,203 
uricAcid,248 
uricAcid,247 
uricAcid,386 
uricAcid,189 
uricAcid,260 
uricAcid,307 
uricAcid,330 
uricAcid,260 
uricAcid,378 
uricAcid,354 
uricAcid,317 
uricAcid,231 
uricAcid,280 
uricAcid,294 
uricAcid,299 
uricAcid,287 
uricAcid,263 
uricAcid,283 
uricAcid,182 
uricAcid,320 
uricAcid,316 
uricAcid,296 
uricAcid,286 
uricAcid,296 
uricAcid,328 
uricAcid,365 
uricAcid,311 
uricAcid,334 
uricAcid,300 
uricAcid,344 
uricAcid,403 
uricAcid,236 
uricAcid,316 
uricAcid,312 
uricAcid,280 
uricAcid,234 
uricAcid,312 
uricAcid,247 
uricAcid,377 
uricAcid,161 
uricAcid,335 
uricAcid,247 
uricAcid,264 
uricAcid,299 
uricAcid,160 
uricAcid,236 
uricAcid,280 
uricAcid,222 
uricAcid,149 
uricAcid,175 
uricAcid,132 
uricAcid,251 
uricAcid,89 
uricAcid,133 
uricAcid,262 
uricAcid,250 
uricAcid,377 
uricAcid,223 
uricAcid,334 
uricAcid,280 
uricAcid,219 
uricAcid,267 
uricAcid,292 
uricAcid,284 
uricAcid,163 
uricAcid,356 
uricAcid,275 
uricAcid,351 
uricAcid,288 
uricAcid,310 
uricAcid,260 
uricAcid,310 
uricAcid,348 
uricAcid,342 
uricAcid,288 
uricAcid,346 
uricAcid,288 
uricAcid,261 
uricAcid,271 
uricAcid,308 
uricAcid,232 
uricAcid,179 
uricAcid,437 
uricAcid,309 
uricAcid,182 
uricAcid,236 
uricAcid,208 
uricAcid,221 
uricAcid,205 
uricAcid,237 
uricAcid,289 
uricAcid,196 
uricAcid,321 
uricAcid,294 
uricAcid,251 
uricAcid,183 
uricAcid,150 
uricAcid,383 
uricAcid,304 
uricAcid,300 
uricAcid,344 
uricAcid,325 
uricAcid,282 
uricAcid,296 
uricAcid,298 
uricAcid,362 
uricAcid,201 
uricAcid,247 
uricAcid,149 
uricAcid,251 
uricAcid,390 
uricAcid,370 
uricAcid,434 
uricAcid,301 
uricAcid,406 
uricAcid,348 
uricAcid,215 
uricAcid,324 
uricAcid,184 
uricAcid,426 
uricAcid,262 
uricAcid,216 
uricAcid,198 
uricAcid,301 
uricAcid,219 
uricAcid,131 
uricAcid,221 
uricAcid,205 
uricAcid,346 
uricAcid,236 
uricAcid,232 
uricAcid,229 
uricAcid,299 
uricAcid,297 
uricAcid,375 
uricAcid,332 
uricAcid,273 
uricAcid,210 
uricAcid,180 
uricAcid,231 
uricAcid,433 
uricAcid,198 
uricAcid,212 
uricAcid,392 
uricAcid,242 
uricAcid,352 
uricAcid,145 
uricAcid,279 
uricAcid,287 
uricAcid,281 
uricAcid,235 
uricAcid,236 
uricAcid,206 
uricAcid,281 
uricAcid,250 
uricAcid,233 
uricAcid,294 
uricAcid,233 
uricAcid,173 
uricAcid,357 
uricAcid,197 
uricAcid,239 
uricAcid,297 
uricAcid,185 
uricAcid,318 
uricAcid,186 
uricAcid,315 
uricAcid,367 
uricAcid,329 
uricAcid,300 
uricAcid,279 
uricAcid,267 
uricAcid,200 
uricAcid,345 
uricAcid,184 
uricAcid,192 
uricAcid,225 
uricAcid,337 
uricAcid,311 
uricAcid,274 
uricAcid,304 
uricAcid,230 
uricAcid,328 
uricAcid,270 
uricAcid,282 
uricAcid,598 
uricAcid,198 
uricAcid,365 
uricAcid,336 
uricAcid,175 
uricAcid,390 
uricAcid,193 
uricAcid,160 
uricAcid,300 
uricAcid,266 
uricAcid,193 
uricAcid,315 
uricAcid,309 
uricAcid,387 
uricAcid,265 
uricAcid,226 
uricAcid,301 
uricAcid,403 
uricAcid,304 
uricAcid,238 
uricAcid,249 
uricAcid,435 
uricAcid,337 
uricAcid,168 
uricAcid,129 
uricAcid,226 
uricAcid,334 
uricAcid,260 
uricAcid,217 
uricAcid,302 
uricAcid,183 
uricAcid,433 
uricAcid,266 
uricAcid,225 
uricAcid,241 
uricAcid,313 
uricAcid,343 
uricAcid,279 
uricAcid,339 
uricAcid,155 
uricAcid,501 
uricAcid,254 
uricAcid,203 
uricAcid,346 
uricAcid,252 
uricAcid,387 
uricAcid,352 
uricAcid,245 
uricAcid,198 
uricAcid,151 
uricAcid,233 
uricAcid,369 
uricAcid,299 
uricAcid,194 
uricAcid,174 
uricAcid,169 
uricAcid,182 
uricAcid,244 
uricAcid,297 
uricAcid,353 
uricAcid,280 
uricAcid,358 
uricAcid,176 
uricAcid,285 
uricAcid,267 
uricAcid,182 
uricAcid,235 
uricAcid,252 
uricAcid,269 
uricAcid,290 
uricAcid,387 
uricAcid,225 
uricAcid,264 
uricAcid,199 
uricAcid,272 
uricAcid,263 
uricAcid,267 
uricAcid,195 
uricAcid,230 
uricAcid,215 
uricAcid,242 
uricAcid,260 
uricAcid,337 
uricAcid,243 
uricAcid,255 
uricAcid,190 
uricAcid,248 
uricAcid,194 
uricAcid,361 
uricAcid,306 
uricAcid,213 
uricAcid,183 
uricAcid,216 
uricAcid,212 
uricAcid,397 
uricAcid,156 
uricAcid,257 
uricAcid,99 
uricAcid,407 
uricAcid,189 
uricAcid,297 
uricAcid,247 
uricAcid,174 
uricAcid,207 
uricAcid,190 
uricAcid,226 
uricAcid,185 
uricAcid,196 
uricAcid,240 
uricAcid,305 
uricAcid,250 
uricAcid,245 
uricAcid,220 
uricAcid,257 
uricAcid,192 
uricAcid,640 
uricAcid,312 
uricAcid,422 
uricAcid,367 
uricAcid,308 
uricAcid,513 
uricAcid,399 
uricAcid,301 
uricAcid,250 
uricAcid,327 
uricAcid,415 
uricAcid,263 
uricAcid,358 
uricAcid,135 
uricAcid,176 
uricAcid,143 
uricAcid,168 
uricAcid,200 
uricAcid,194 
uricAcid,433 
uricAcid,278 
uricAcid,288 
uricAcid,285 
uricAcid,578 
uricAcid,274 
uricAcid,481 
uricAcid,238 
uricAcid,269 
uricAcid,359 
uricAcid,273 
uricAcid,305 
uricAcid,346 
uricAcid,451 
uricAcid,271 
uricAcid,318 
uricAcid,326 
uricAcid,305 
uricAcid,267 
uricAcid,291 
uricAcid,214 
uricAcid,186 
uricAcid,169 
uricAcid,259 
uricAcid,206 
uricAcid,397 
uricAcid,355 
uricAcid,307 
uricAcid,368 
uricAcid,290 
uricAcid,315 
uricAcid,154 
uricAcid,198 
uricAcid,362 
uricAcid,154 
uricAcid,166 
uricAcid,143 
uricAcid,285 
uricAcid,381 
uricAcid,229 
uricAcid,304 
uricAcid,290 
uricAcid,144 
uricAcid,272 
uricAcid,326 
uricAcid,321 
uricAcid,367 
uricAcid,302 
uricAcid,285 
uricAcid,401 
uricAcid,230 
uricAcid,269 
uricAcid,193 
uricAcid,326 
uricAcid,317 
uricAcid,284 
uricAcid,318 
uricAcid,407 
uricAcid,280 
uricAcid,256 
uricAcid,246 
uricAcid,300 
uricAcid,235 
uricAcid,254 
uricAcid,283 
uricAcid,190 
uricAcid,332 
uricAcid,247 
uricAcid,210 
uricAcid,204 
uricAcid,251 
uricAcid,260 
uricAcid,292 
uricAcid,319 
uricAcid,228 
uricAcid,188 
uricAcid,232 
uricAcid,322 
uricAcid,307 
uricAcid,295 
uricAcid,257 
uricAcid,197 
uricAcid,155 
uricAcid,239 
uricAcid,287 
uricAcid,175 
uricAcid,249 
uricAcid,135 
uricAcid,147 
uricAcid,280 
uricAcid,186 
uricAcid,190 
uricAcid,197 
uricAcid,325 
uricAcid,146 
uricAcid,183 
uricAcid,217 
uricAcid,146 
uricAcid,182 
uricAcid,113 
uricAcid,189 
uricAcid,266 
uricAcid,215 
uricAcid,289 
uricAcid,169 
uricAcid,161 
uricAcid,289 
uricAcid,142 
uricAcid,190 
uricAcid,303 
uricAcid,166 
uricAcid,160 
uricAcid,140 
uricAcid,313 
uricAcid,252 
uricAcid,275 
uricAcid,283 
uricAcid,304 
uricAcid,256 
uricAcid,192 
uricAcid,164 
uricAcid,278 
uricAcid,215 
uricAcid,223 
uricAcid,270 
uricAcid,282 
uricAcid,298 
uricAcid,255 
uricAcid,381 
uricAcid,243 
uricAcid,444 
uricAcid,212 
uricAcid,233 
uricAcid,303 
uricAcid,226 
uricAcid,297 
uricAcid,204 
uricAcid,227 
uricAcid,225 
uricAcid,337 
uricAcid,191 
uricAcid,245 
uricAcid,273 
uricAcid,325 
uricAcid,255 
uricAcid,281 
uricAcid,428 
uricAcid,162 
uricAcid,273 
uricAcid,332 
uricAcid,390 
uricAcid,271 
uricAcid,317 
uricAcid,379 
uricAcid,249 
uricAcid,365 
uricAcid,275 
uricAcid,271 
uricAcid,320 
uricAcid,403 
uricAcid,296 
uricAcid,275 
uricAcid,302 
uricAcid,270 
uricAcid,263 
uricAcid,343 
uricAcid,321 
uricAcid,298 
uricAcid,273 
uricAcid,247 
uricAcid,265 
uricAcid,281 
uricAcid,355 
uricAcid,246 
uricAcid,394 
uricAcid,485 
uricAcid,322 
uricAcid,420 
uricAcid,211 
uricAcid,398 
uricAcid,235 
uricAcid,254 
uricAcid,448 
uricAcid,431 
uricAcid,295 
uricAcid,397 
uricAcid,281 
uricAcid,297 
uricAcid,235 
uricAcid,372 
uricAcid,257 
uricAcid,301 
uricAcid,249 
uricAcid,331 
uricAcid,308 
uricAcid,311 
uricAcid,237 
uricAcid,345 
uricAcid,301 
uricAcid,302 
uricAcid,282 
uricAcid,340 
uricAcid,317 
uricAcid,295 
uricAcid,312 
uricAcid,346 
uricAcid,319 
uricAcid,304 
uricAcid,339 
uricAcid,276 
uricAcid,298 
uricAcid,381 
uricAcid,277 
uricAcid,308 
uricAcid,264 
uricAcid,314 
uricAcid,295 
uricAcid,314 
uricAcid,282 
uricAcid,317 
uricAcid,291 
uricAcid,332 
uricAcid,270 
uricAcid,293 
uricAcid,344 
uricAcid,313 
uricAcid,285 
uricAcid,330 
uricAcid,298 
uricAcid,347 
uricAcid,217 
uricAcid,244 
uricAcid,243 
uricAcid,270 
uricAcid,172 
uricAcid,265 
uricAcid,357 
uricAcid,358 
uricAcid,327 
uricAcid,326 
uricAcid,230 
uricAcid,362 
uricAcid,197 
uricAcid,302 
uricAcid,267 
uricAcid,312 
uricAcid,232 
uricAcid,274 
uricAcid,331 
uricAcid,225 
uricAcid,279 
uricAcid,355 
uricAcid,488 
uricAcid,295 
uricAcid,238 
uricAcid,260 
uricAcid,354 
uricAcid,330 
uricAcid,294 
uricAcid,243 
uricAcid,408 
uricAcid,195 
uricAcid,210 
uricAcid,327 
uricAcid,401 
uricAcid,217 
uricAcid,224 
uricAcid,432 
uricAcid,366 
uricAcid,410 
uricAcid,443 
uricAcid,263 
uricAcid,331 
uricAcid,289 
uricAcid,284 
uricAcid,320 
uricAcid,309 
uricAcid,395 
uricAcid,297 
uricAcid,249 
uricAcid,282 
uricAcid,373 
uricAcid,263 
uricAcid,532 
uricAcid,235 
uricAcid,181 
uricAcid,287 
uricAcid,330 
uricAcid,354 
uricAcid,225 
uricAcid,323 
uricAcid,273 
uricAcid,355 
uricAcid,324 
uricAcid,355 
uricAcid,366 
uricAcid,349 
uricAcid,364 
uricAcid,348 
uricAcid,377 
uricAcid,449 
uricAcid,205 
uricAcid,218 
uricAcid,298 
uricAcid,324 
uricAcid,249 
uricAcid,347 
uricAcid,350 
uricAcid,283 
uricAcid,452 
uricAcid,313 
uricAcid,289 
uricAcid,313 
uricAcid,270 
uricAcid,273 
uricAcid,318 
uricAcid,248 
uricAcid,530 
uricAcid,237 
uricAcid,398 
uricAcid,348 
uricAcid,270 
uricAcid,289 
uricAcid,261 
uricAcid,363 
uricAcid,407 
uricAcid,335 
uricAcid,297 
uricAcid,179 
uricAcid,356 
uricAcid,291 
uricAcid,383 
uricAcid,301 
uricAcid,287 
uricAcid,406 
uricAcid,278 
uricAcid,208 
uricAcid,318 
uricAcid,214 
uricAcid,251 
uricAcid,319 
uricAcid,257 
uricAcid,358 
uricAcid,276 
uricAcid,181 
uricAcid,316 
uricAcid,228 
uricAcid,217 
uricAcid,352 
uricAcid,233 
uricAcid,326 
uricAcid,232 
uricAcid,343 
uricAcid,265 
uricAcid,74 
uricAcid,294 
uricAcid,243 
uricAcid,358 
uricAcid,219 
uricAcid,301 
uricAcid,200 
uricAcid,366 
uricAcid,275 
uricAcid,248 
uricAcid,209 
uricAcid,196 
uricAcid,234 
uricAcid,468 
uricAcid,214 
uricAcid,380 
uricAcid,253 
uricAcid,253 
uricAcid,365 
uricAcid,313 
uricAcid,209 
uricAcid,250 
uricAcid,269 
uricAcid,347 
uricAcid,355 
uricAcid,239 
uricAcid,302 
uricAcid,309 
uricAcid,328 
uricAcid,233 
uricAcid,189 
uricAcid,283 
uricAcid,222 
uricAcid,276 
uricAcid,316 
uricAcid,470 
uricAcid,325 
uricAcid,293 
uricAcid,254 
uricAcid,409 
uricAcid,269 
uricAcid,274 
uricAcid,229 
uricAcid,368 
uricAcid,364 
uricAcid,169 
uricAcid,280 
uricAcid,261 
uricAcid,487 
uricAcid,237 
uricAcid,187 
uricAcid,314 
uricAcid,283 
uricAcid,380 
uricAcid,442 
uricAcid,196 
uricAcid,274 
uricAcid,390 
uricAcid,306 
uricAcid,202 
uricAcid,281 
uricAcid,491 
uricAcid,299 
uricAcid,365 
uricAcid,221 
uricAcid,408 
uricAcid,241 
uricAcid,316 
uricAcid,301 
uricAcid,348 
uricAcid,174 
uricAcid,239 
uricAcid,249 
uricAcid,222 
uricAcid,215 
uricAcid,344 
uricAcid,357 
uricAcid,344 
uricAcid,482 
uricAcid,209 
uricAcid,163 
uricAcid,321 
uricAcid,220 
uricAcid,393 
uricAcid,307 
uricAcid,235 
uricAcid,287 
uricAcid,331 
uricAcid,225 
uricAcid,257 
uricAcid,292 
uricAcid,302 
uricAcid,324 
uricAcid,354 
uricAcid,284 
uricAcid,353 
uricAcid,360 
uricAcid,256 
uricAcid,253 
uricAcid,164 
uricAcid,305 
uricAcid,301 
uricAcid,301 
uricAcid,389 
uricAcid,388 
uricAcid,335 
uricAcid,332 
uricAcid,252 
uricAcid,324 
uricAcid,326 
uricAcid,306 
uricAcid,353 
uricAcid,232 
uricAcid,230 
uricAcid,342 
uricAcid,287 
uricAcid,237 
uricAcid,319 
uricAcid,339 
uricAcid,291 
uricAcid,411 
uricAcid,321 
uricAcid,422 
uricAcid,249 
uricAcid,333 
uricAcid,292 
uricAcid,221 
uricAcid,283 
uricAcid,256 
uricAcid,425 
uricAcid,421 
uricAcid,230 
uricAcid,312 
uricAcid,307 
uricAcid,349 
uricAcid,344 
uricAcid,311 
uricAcid,332 
uricAcid,216 
uricAcid,313 
uricAcid,304 
uricAcid,255 
uricAcid,377 
uricAcid,268 
uricAcid,371 
uricAcid,229 
uricAcid,358 
uricAcid,198 
uricAcid,386 
uricAcid,389 
uricAcid,482 
uricAcid,293 
uricAcid,438 
uricAcid,302 
uricAcid,271 
uricAcid,298 
uricAcid,363 
uricAcid,280 
uricAcid,346 
uricAcid,608 
uricAcid,369 
uricAcid,360 
uricAcid,334 
uricAcid,212 
uricAcid,414 
uricAcid,493 
uricAcid,270 
uricAcid,404 
uricAcid,252 
uricAcid,329 
uricAcid,386 
uricAcid,428 
uricAcid,413 
uricAcid,477 
uricAcid,333 
uricAcid,483 
uricAcid,460 
uricAcid,285 
uricAcid,292 
uricAcid,256 
uricAcid,384 
uricAcid,256 
uricAcid,340 
uricAcid,298 
uricAcid,318 
uricAcid,362 
uricAcid,430 
uricAcid,346 
uricAcid,411 
uricAcid,287 
uricAcid,292 
uricAcid,281 
uricAcid,226 
uricAcid,369 
uricAcid,325 
uricAcid,328 
uricAcid,132 
uricAcid,256 
uricAcid,334 
uricAcid,335 
uricAcid,297 
uricAcid,466 
uricAcid,342 
uricAcid,270 
uricAcid,405 
uricAcid,277 
uricAcid,351 
uricAcid,323 
uricAcid,332 
uricAcid,298 
uricAcid,341 
uricAcid,221 
uricAcid,369 
uricAcid,329 
uricAcid,372 
uricAcid,360 
uricAcid,320 
uricAcid,283 
uricAcid,269 
uricAcid,277 
uricAcid,252 
uricAcid,241 
uricAcid,273 
uricAcid,265 
uricAcid,256 
uricAcid,293 
uricAcid,265 
uricAcid,217 
uricAcid,302 
uricAcid,276 
uricAcid,257 
uricAcid,249 
uricAcid,287 
uricAcid,270 
uricAcid,309 
uricAcid,151 
uricAcid,246 
uricAcid,274 
uricAcid,226 
uricAcid,227 
uricAcid,280 
uricAcid,285 
uricAcid,275 
uricAcid,265 
uricAcid,220 
uricAcid,258 
uricAcid,142 
uricAcid,243 
uricAcid,258 
uricAcid,119 
uricAcid,276 
uricAcid,278 
uricAcid,378 
uricAcid,266 
uricAcid,277 
uricAcid,353 
uricAcid,265 
uricAcid,356 
uricAcid,332 
uricAcid,244 
uricAcid,215 
uricAcid,244 
uricAcid,219 
uricAcid,379 
uricAcid,178 
uricAcid,327 
uricAcid,364 
uricAcid,230 
uricAcid,337 
uricAcid,417 
uricAcid,301 
uricAcid,353 
uricAcid,381 
uricAcid,357 
uricAcid,212 
uricAcid,270 
uricAcid,197 
uricAcid,450 
uricAcid,383 
uricAcid,381 
uricAcid,470 
uricAcid,277 
uricAcid,305 
uricAcid,298 
uricAcid,273 
uricAcid,241 
uricAcid,462 
uricAcid,333 
uricAcid,326 
uricAcid,338 
uricAcid,273 
uricAcid,321 
uricAcid,192 
uricAcid,378 
uricAcid,359 
uricAcid,256 
uricAcid,321 
uricAcid,269 
uricAcid,315 
uricAcid,146 
uricAcid,270 
uricAcid,389 
uricAcid,264 
uricAcid,515 
uricAcid,336 
uricAcid,389 
uricAcid,364 
uricAcid,582 
uricAcid,228 
uricAcid,330 
uricAcid,254 
uricAcid,297 
uricAcid,300 
uricAcid,296 
uricAcid,222 
uricAcid,335 
uricAcid,217 
uricAcid,393 
uricAcid,191 
uricAcid,344 
uricAcid,368 
uricAcid,277 
uricAcid,326 
uricAcid,307 
uricAcid,205 
uricAcid,347 
uricAcid,168 
uricAcid,266 
uricAcid,304 
uricAcid,259 
uricAcid,373 
uricAcid,196 
uricAcid,293 
uricAcid,214 
uricAcid,287 
uricAcid,422 
uricAcid,359 
uricAcid,333 
uricAcid,279 
uricAcid,283 
uricAcid,350 
uricAcid,225 
uricAcid,270 
uricAcid,387 
uricAcid,353 
uricAcid,274 
uricAcid,256 
uricAcid,269 
uricAcid,404 
uricAcid,280 
uricAcid,322 
uricAcid,325 
uricAcid,190 
uricAcid,318 
uricAcid,229 
uricAcid,250 
uricAcid,275 
uricAcid,222 
uricAcid,437 
uricAcid,344 
uricAcid,184 
uricAcid,270 
uricAcid,238 
uricAcid,406 
uricAcid,222 
uricAcid,192 
uricAcid,199 
uricAcid,224 
uricAcid,250 
uricAcid,230 
uricAcid,219 
uricAcid,289 
uricAcid,181 
uricAcid,293 
uricAcid,185 
uricAcid,181 
uricAcid,322 
uricAcid,273 
uricAcid,218 
uricAcid,311 
uricAcid,286 
uricAcid,339 
uricAcid,385 
uricAcid,261 
uricAcid,322 
uricAcid,358 
uricAcid,359 
uricAcid,366 
uricAcid,245 
uricAcid,246 
uricAcid,288 
uricAcid,502 
uricAcid,228 
uricAcid,328 
uricAcid,322 
uricAcid,255 
uricAcid,271 
uricAcid,257 
uricAcid,201 
uricAcid,345 
uricAcid,340 
uricAcid,222 
uricAcid,283 
uricAcid,359 
uricAcid,187 
uricAcid,304 
uricAcid,414 
uricAcid,230 
uricAcid,364 
uricAcid,314 
uricAcid,374 
uricAcid,334 
uricAcid,269 
uricAcid,454 
uricAcid,449 
uricAcid,322 
uricAcid,311 
uricAcid,278 
uricAcid,352 
uricAcid,277 
uricAcid,295 
uricAcid,312 
uricAcid,333 
uricAcid,343 
uricAcid,315 
uricAcid,291 
uricAcid,195 
uricAcid,418 
uricAcid,320 
uricAcid,328 
uricAcid,344 
uricAcid,260 
uricAcid,408 
uricAcid,306 
uricAcid,303 
uricAcid,288 
uricAcid,334 
uricAcid,308 
uricAcid,289 
uricAcid,494 
uricAcid,258 
uricAcid,323 
uricAcid,210 
uricAcid,364 
uricAcid,214 
uricAcid,250 
uricAcid,343 
uricAcid,422 
uricAcid,212 
uricAcid,430 
uricAcid,291 
uricAcid,229 
uricAcid,95 
uricAcid,240 
uricAcid,310 
uricAcid,298 
uricAcid,475 
uricAcid,514 
uricAcid,244 
uricAcid,249 
uricAcid,302 
uricAcid,396 
uricAcid,326 
uricAcid,359 
uricAcid,388 
uricAcid,403 
uricAcid,346 
uricAcid,393 
uricAcid,322 
uricAcid,406 
uricAcid,291 
uricAcid,375 
uricAcid,297 
uricAcid,324 
uricAcid,271 
uricAcid,368 
uricAcid,302 
uricAcid,332 
uricAcid,113 
uricAcid,202 
uricAcid,218 
uricAcid,240 
uricAcid,285 
uricAcid,494 
uricAcid,271 
uricAcid,376 
uricAcid,335 
uricAcid,245 
uricAcid,283 
uricAcid,348 
uricAcid,258 
uricAcid,235 
uricAcid,452 
uricAcid,174 
uricAcid,327 
uricAcid,366 
uricAcid,400 
uricAcid,269 
uricAcid,211 
uricAcid,233 
uricAcid,325 
uricAcid,214 
uricAcid,387 
uricAcid,361 
uricAcid,224 
uricAcid,296 
uricAcid,324 
uricAcid,276 
uricAcid,215 
uricAcid,234 
uricAcid,279 
uricAcid,340 
uricAcid,169 
uricAcid,386 
uricAcid,294 
uricAcid,332 
uricAcid,196 
uricAcid,329 
uricAcid,329 
uricAcid,204 
uricAcid,177 
uricAcid,306 
uricAcid,223 
uricAcid,337 
uricAcid,409 
uricAcid,315 
uricAcid,330 
uricAcid,255 
uricAcid,232 
uricAcid,298 
uricAcid,348 
uricAcid,280 
uricAcid,350 
uricAcid,296 
uricAcid,326 
uricAcid,275 
uricAcid,334 
uricAcid,318 
uricAcid,246 
uricAcid,315 
uricAcid,191 
uricAcid,316 
uricAcid,327 
uricAcid,348 
uricAcid,212 
uricAcid,455 
uricAcid,321 
uricAcid,302 
uricAcid,376 
uricAcid,244 
uricAcid,238 
uricAcid,353 
uricAcid,430 
uricAcid,282 
uricAcid,251 
uricAcid,498 
uricAcid,206 
uricAcid,276 
uricAcid,344 
uricAcid,267 
uricAcid,300 
uricAcid,219 
uricAcid,272 
uricAcid,255 
uricAcid,285 
uricAcid,258 
uricAcid,166 
uricAcid,501 
uricAcid,328 
uricAcid,159 
uricAcid,223 
uricAcid,292 
uricAcid,288 
uricAcid,316 
uricAcid,344 
uricAcid,292 
uricAcid,157 
uricAcid,294 
uricAcid,307 
uricAcid,258 
uricAcid,321 
uricAcid,242 
uricAcid,311 
uricAcid,309 
uricAcid,266 
uricAcid,298 
uricAcid,182 
uricAcid,338 
uricAcid,258 
uricAcid,295 
uricAcid,278 
uricAcid,279 
uricAcid,180 
uricAcid,355 
uricAcid,323 
uricAcid,301 
uricAcid,280 
uricAcid,311 
uricAcid,200 
uricAcid,303 
uricAcid,254 
uricAcid,169 
uricAcid,305 
uricAcid,361 
uricAcid,225 
uricAcid,184 
uricAcid,209 
uricAcid,174 
uricAcid,355 
uricAcid,304 
uricAcid,269 
uricAcid,223 
uricAcid,343 
uricAcid,264 
uricAcid,210 
uricAcid,286 
uricAcid,239 
uricAcid,187 
uricAcid,208 
uricAcid,308 
uricAcid,269 
uricAcid,203 
uricAcid,245 
uricAcid,405 
uricAcid,124 
uricAcid,239 
uricAcid,334 
uricAcid,183 
uricAcid,360 
uricAcid,417 
uricAcid,249 
uricAcid,220 
uricAcid,266 
uricAcid,148 
uricAcid,252 
uricAcid,159 
uricAcid,270 
uricAcid,219 
uricAcid,312 
uricAcid,258 
uricAcid,204 
uricAcid,238 
uricAcid,375 
uricAcid,398 
uricAcid,240 
uricAcid,197 
uricAcid,185 
uricAcid,495 
uricAcid,220 
uricAcid,282 
uricAcid,165 
uricAcid,164 
uricAcid,271 
uricAcid,205 
uricAcid,204 
uricAcid,201 
uricAcid,185 
uricAcid,223 
uricAcid,158 
uricAcid,405 
uricAcid,210 
uricAcid,333 
uricAcid,537 
uricAcid,296 
uricAcid,255 
uricAcid,282 
uricAcid,220 
uricAcid,176 
uricAcid,210 
uricAcid,219 
uricAcid,362 
uricAcid,326 
uricAcid,279 
uricAcid,234 
uricAcid,114 
uricAcid,294 
uricAcid,165 
uricAcid,260 
uricAcid,144 
uricAcid,205 
uricAcid,299 
uricAcid,171 
uricAcid,311 
uricAcid,192 
uricAcid,283 
uricAcid,153 
uricAcid,150 
uricAcid,161 
uricAcid,297 
uricAcid,191 
uricAcid,271 
uricAcid,284 
uricAcid,184 
uricAcid,227 
uricAcid,96 
uricAcid,153 
uricAcid,237 
uricAcid,421 
uricAcid,36 
uricAcid,223 
uricAcid,344 
uricAcid,22 
uricAcid,253 
uricAcid,182 
uricAcid,275 
uricAcid,141 
uricAcid,20 
uricAcid,161 
uricAcid,231 
uricAcid,110 
uricAcid,242 
uricAcid,345 
uricAcid,283 
uricAcid,203 
uricAcid,118 
uricAcid,337 
uricAcid,184 
uricAcid,309 
uricAcid,283 
uricAcid,218 
uricAcid,106 
uricAcid,170 
uricAcid,355 
uricAcid,313 
uricAcid,303 
uricAcid,323 
uricAcid,365 
uricAcid,279 
uricAcid,249 
uricAcid,216 
uricAcid,525 
uricAcid,295 
uricAcid,360 
uricAcid,271 
uricAcid,278 
uricAcid,198 
uricAcid,169 
uricAcid,243 
uricAcid,260 
uricAcid,441 
uricAcid,81 
uricAcid,241 
uricAcid,369 
uricAcid,271 
uricAcid,261 
uricAcid,320 
uricAcid,256 
uricAcid,394 
uricAcid,261 
uricAcid,248 
uricAcid,172 
uricAcid,147 
uricAcid,396 
uricAcid,333 
uricAcid,213 
uricAcid,224 
uricAcid,264 
uricAcid,241 
uricAcid,209 
uricAcid,240 
uricAcid,306 
uricAcid,392 
uricAcid,140 
uricAcid,176 
uricAcid,344 
uricAcid,153 
uricAcid,426 
uricAcid,269 
uricAcid,517 
uricAcid,364 
uricAcid,244 
uricAcid,396 
uricAcid,232 
uricAcid,214 
uricAcid,238 
uricAcid,194 
uricAcid,393 
uricAcid,403 
uricAcid,372 
uricAcid,429 
uricAcid,284 
uricAcid,355 
uricAcid,307 
uricAcid,250 
uricAcid,464 
uricAcid,370 
uricAcid,229 
uricAcid,325 
uricAcid,255 
uricAcid,135 
uricAcid,205 
uricAcid,256 
uricAcid,164 
uricAcid,236 
uricAcid,180 
uricAcid,230 
uricAcid,578 
uricAcid,197 
uricAcid,123 
uricAcid,163 
uricAcid,294 
uricAcid,321 
uricAcid,151 
uricAcid,262 
uricAcid,306 
uricAcid,135 
uricAcid,127 
uricAcid,274 
uricAcid,350 
uricAcid,353 
uricAcid,258 
uricAcid,184 
uricAcid,353 
uricAcid,189 
uricAcid,181 
uricAcid,220 
uricAcid,388 
uricAcid,316 
uricAcid,178 
uricAcid,168 
uricAcid,142 
uricAcid,216 
uricAcid,252 
uricAcid,279 
uricAcid,221 
uricAcid,302 
uricAcid,296 
uricAcid,241 
uricAcid,308 
uricAcid,281 
uricAcid,330 
uricAcid,285 
uricAcid,179 
uricAcid,239 
uricAcid,314 
uricAcid,229 
uricAcid,310 
uricAcid,203 
uricAcid,306 
uricAcid,334 
uricAcid,389 
uricAcid,452 
uricAcid,375 
uricAcid,234 
uricAcid,475 
uricAcid,353 
uricAcid,305 
uricAcid,377 
uricAcid,291 
uricAcid,387 
uricAcid,151 
uricAcid,244 
uricAcid,217 
uricAcid,332 
uricAcid,261 
uricAcid,450 
uricAcid,224 
uricAcid,363 
uricAcid,247 
uricAcid,452 
uricAcid,411 
uricAcid,304 
uricAcid,257 
uricAcid,265 
uricAcid,344 
uricAcid,312 
uricAcid,368 
uricAcid,340 
uricAcid,293 
uricAcid,335 
uricAcid,283 
uricAcid,418 
uricAcid,244 
uricAcid,299 
uricAcid,315 
uricAcid,303 
uricAcid,310 
uricAcid,282 
uricAcid,248 
uricAcid,388 
uricAcid,324 
uricAcid,300 
uricAcid,301 
uricAcid,229 
uricAcid,306 
uricAcid,290 
uricAcid,197 
uricAcid,231 
uricAcid,276 
uricAcid,219 
uricAcid,274 
uricAcid,371 
uricAcid,297 
uricAcid,206 
uricAcid,224 
uricAcid,190 
uricAcid,279 
uricAcid,302 
uricAcid,364 
uricAcid,414 
uricAcid,236 
uricAcid,232 
uricAcid,282 
uricAcid,271 
uricAcid,355 
uricAcid,290 
uricAcid,309 
uricAcid,350 
uricAcid,241 
uricAcid,282 
uricAcid,312 
uricAcid,222 
uricAcid,329 
uricAcid,465 
uricAcid,318 
uricAcid,378 
uricAcid,235 
uricAcid,369 
uricAcid,372 
uricAcid,177 
uricAcid,400 
uricAcid,227 
uricAcid,501 
uricAcid,341 
uricAcid,390 
uricAcid,317 
uricAcid,241 
uricAcid,321 
uricAcid,216 
uricAcid,290 
uricAcid,279 
uricAcid,322 
uricAcid,295 
uricAcid,283 
uricAcid,381 
uricAcid,337 
uricAcid,315 
uricAcid,340 
uricAcid,354 
uricAcid,365 
uricAcid,414 
uricAcid,204 
uricAcid,386 
uricAcid,289 
uricAcid,252 
uricAcid,501 
uricAcid,380 
uricAcid,200 
uricAcid,272 
uricAcid,208 
uricAcid,241 
uricAcid,286 
uricAcid,200 
uricAcid,195 
uricAcid,178 
uricAcid,140 
uricAcid,198 
uricAcid,145 
uricAcid,254 
uricAcid,173 
uricAcid,159 
uricAcid,230 
uricAcid,153 
uricAcid,325 
uricAcid,188 
uricAcid,204 
uricAcid,175 
uricAcid,243 
uricAcid,227 
uricAcid,243 
uricAcid,260 
uricAcid,179 
uricAcid,254 
uricAcid,276 
uricAcid,247 
uricAcid,329 
uricAcid,199 
uricAcid,384 
uricAcid,254 
uricAcid,172 
uricAcid,162 
uricAcid,237 
uricAcid,221 
uricAcid,316 
uricAcid,199 
uricAcid,201 
uricAcid,161 
uricAcid,229 
uricAcid,243 
uricAcid,414 
uricAcid,229 
uricAcid,387 
uricAcid,245 
uricAcid,281 
uricAcid,165 
uricAcid,278 
uricAcid,293 
uricAcid,237 
uricAcid,355 
uricAcid,172 
uricAcid,284 
uricAcid,323 
uricAcid,271 
uricAcid,237 
uricAcid,402 
uricAcid,352 
uricAcid,166 
uricAcid,350 
uricAcid,189 
uricAcid,318 
uricAcid,174 
uricAcid,319 
uricAcid,238 
uricAcid,412 
uricAcid,516 
uricAcid,248 
uricAcid,408 
uricAcid,337 
uricAcid,213 
uricAcid,394 
uricAcid,270 
uricAcid,197 
uricAcid,341 
uricAcid,214 
uricAcid,217 
uricAcid,321 
uricAcid,233 
uricAcid,285 
uricAcid,392 
uricAcid,128 
uricAcid,247 
uricAcid,270 
uricAcid,233 
uricAcid,261 
uricAcid,303 
uricAcid,182 
uricAcid,377 
uricAcid,302 
uricAcid,208 
uricAcid,283 
uricAcid,287 
uricAcid,312 
uricAcid,394 
uricAcid,492 
uricAcid,329 
uricAcid,268 
uricAcid,191 
uricAcid,332 
uricAcid,199 
uricAcid,302 
uricAcid,132 
uricAcid,326 
uricAcid,259 
uricAcid,254 
uricAcid,206 
uricAcid,143 
uricAcid,283 
uricAcid,150 
uricAcid,214 
uricAcid,270 
uricAcid,226 
uricAcid,255 
uricAcid,164 
uricAcid,202 
uricAcid,193 
uricAcid,155 
uricAcid,234 
uricAcid,340 
uricAcid,424 
uricAcid,360 
uricAcid,342 
uricAcid,259 
uricAcid,457 
uricAcid,397 
uricAcid,327 
uricAcid,446 
uricAcid,154 
uricAcid,304 
uricAcid,345 
uricAcid,393 
uricAcid,264 
uricAcid,331 
uricAcid,330 
uricAcid,222 
uricAcid,366 
uricAcid,117 
uricAcid,522 
uricAcid,313 
uricAcid,256 
uricAcid,307 
uricAcid,404 
uricAcid,389 
uricAcid,251 
uricAcid,188 
uricAcid,229 
uricAcid,293 
uricAcid,300 
uricAcid,245 
uricAcid,330 
uricAcid,265 
uricAcid,252 
uricAcid,402 
uricAcid,384 
uricAcid,230 
uricAcid,288 
uricAcid,240 
uricAcid,273 
uricAcid,325 
uricAcid,260 
uricAcid,293 
uricAcid,302 
uricAcid,326 
uricAcid,195 
uricAcid,270 
uricAcid,330 
uricAcid,216 
uricAcid,251 
uricAcid,511 
uricAcid,193 
uricAcid,234 
uricAcid,243 
uricAcid,332 
uricAcid,203 
uricAcid,170 
uricAcid,358 
uricAcid,272 
uricAcid,236 
uricAcid,180 
uricAcid,257 
uricAcid,292 
uricAcid,214 
uricAcid,223 
uricAcid,210 
uricAcid,283 
uricAcid,253 
uricAcid,308 
uricAcid,278 
uricAcid,343 
uricAcid,268 
uricAcid,343 
uricAcid,276 
uricAcid,243 
uricAcid,305 
uricAcid,254 
uricAcid,292 
uricAcid,300 
uricAcid,279 
uricAcid,222 
uricAcid,227 
uricAcid,269 
uricAcid,292 
uricAcid,221 
uricAcid,305 
uricAcid,208 
uricAcid,237 
uricAcid,296 
uricAcid,302 
uricAcid,283 
uricAcid,280 
uricAcid,329 
uricAcid,278 
uricAcid,451 
uricAcid,272 
uricAcid,267 
uricAcid,380 
uricAcid,318 
uricAcid,434 
uricAcid,448 
uricAcid,332 
uricAcid,448 
uricAcid,384 
uricAcid,333 
uricAcid,267 
uricAcid,409 
uricAcid,315 
uricAcid,264 
uricAcid,278 
uricAcid,237 
uricAcid,151 
uricAcid,261 
uricAcid,344 
uricAcid,309 
uricAcid,367 
uricAcid,377 
uricAcid,224 
uricAcid,244 
uricAcid,158 
uricAcid,135 
uricAcid,289 
uricAcid,353 
uricAcid,264 
uricAcid,284 
uricAcid,335 
uricAcid,293 
uricAcid,343 
uricAcid,337 
uricAcid,444 
uricAcid,380 
uricAcid,271 
uricAcid,401 
uricAcid,183 
uricAcid,240 
uricAcid,272 
uricAcid,218 
uricAcid,176 
uricAcid,194 
uricAcid,168 
uricAcid,234 
uricAcid,165 
uricAcid,270 
uricAcid,224 
uricAcid,239 
uricAcid,245 
uricAcid,322 
uricAcid,267 
uricAcid,182 
uricAcid,162 
uricAcid,245 
uricAcid,359 
uricAcid,329 
uricAcid,294 
uricAcid,379 
uricAcid,273 
uricAcid,491 
uricAcid,431 
uricAcid,334 
uricAcid,236 
uricAcid,181 
uricAcid,171 
uricAcid,306 
uricAcid,277 
uricAcid,426 
uricAcid,283 
uricAcid,400 
uricAcid,366 
uricAcid,457 
uricAcid,272 
uricAcid,229 
uricAcid,218 
uricAcid,216 
uricAcid,255 
uricAcid,324 
uricAcid,209 
uricAcid,303 
uricAcid,287 
uricAcid,153 
uricAcid,242 
uricAcid,284 
uricAcid,259 
uricAcid,275 
uricAcid,317 
uricAcid,356 
uricAcid,313 
uricAcid,179 
uricAcid,270 
uricAcid,181 
uricAcid,377 
uricAcid,141 
uricAcid,338 
uricAcid,213 
uricAcid,244 
uricAcid,216 
uricAcid,217 
uricAcid,195 
uricAcid,234 
uricAcid,254 
uricAcid,318 
uricAcid,239 
uricAcid,309 
uricAcid,327 
uricAcid,313 
uricAcid,404 
uricAcid,200 
uricAcid,219 
uricAcid,224 
uricAcid,287 
uricAcid,238 
uricAcid,265 
uricAcid,252 
uricAcid,283 
uricAcid,212 
uricAcid,226 
uricAcid,290 
uricAcid,280 
uricAcid,214 
uricAcid,296 
uricAcid,313 
uricAcid,268 
uricAcid,215 
uricAcid,314 
uricAcid,285 
uricAcid,383 
uricAcid,221 
uricAcid,319 
uricAcid,237 
uricAcid,465 
uricAcid,236 
uricAcid,187 
uricAcid,198 
uricAcid,296 
uricAcid,197 
uricAcid,234 
uricAcid,202 
uricAcid,255 
uricAcid,203 
uricAcid,213 
uricAcid,188 
uricAcid,219 
uricAcid,257 
uricAcid,211 
uricAcid,197 
uricAcid,189 
uricAcid,565 
uricAcid,221 
uricAcid,259 
uricAcid,222 
uricAcid,206 
uricAcid,163 
uricAcid,192 
uricAcid,211 
uricAcid,389 
uricAcid,444 
uricAcid,244 
uricAcid,325 
uricAcid,236 
uricAcid,200 
uricAcid,220 
uricAcid,197 
uricAcid,263 
uricAcid,309 
uricAcid,290 
uricAcid,207 
uricAcid,300 
uricAcid,218 
uricAcid,274 
uricAcid,125 
uricAcid,142 
uricAcid,99 
uricAcid,230 
uricAcid,125 
uricAcid,216 
uricAcid,133 
uricAcid,137 
uricAcid,335 
uricAcid,347 
uricAcid,402 
uricAcid,284 
uricAcid,184 
uricAcid,205 
uricAcid,226 
uricAcid,202 
uricAcid,270 
uricAcid,232 
uricAcid,245 
uricAcid,320 
uricAcid,235 
uricAcid,276 
uricAcid,360 
uricAcid,290 
uricAcid,169 
uricAcid,308 
uricAcid,230 
uricAcid,299 
uricAcid,329 
uricAcid,248 
uricAcid,325 
uricAcid,374 
uricAcid,288 
uricAcid,299 
uricAcid,334 
uricAcid,302 
uricAcid,390 
uricAcid,304 
uricAcid,400 
uricAcid,259 
uricAcid,253 
uricAcid,235 
uricAcid,174 
uricAcid,323 
uricAcid,338 
uricAcid,283 
uricAcid,372 
uricAcid,72 
uricAcid,211 
uricAcid,273 
uricAcid,212 
uricAcid,270 
uricAcid,257 
uricAcid,321 
uricAcid,312 
uricAcid,182 
uricAcid,331 
uricAcid,334 
uricAcid,200 
uricAcid,196 
uricAcid,292 
uricAcid,386 
uricAcid,241 
uricAcid,228 
uricAcid,238 
uricAcid,264 
uricAcid,182 
uricAcid,301 
uricAcid,387 
uricAcid,268 
uricAcid,293 
uricAcid,293 
uricAcid,153 
uricAcid,333 
uricAcid,313 
uricAcid,292 
uricAcid,334 
uricAcid,528 
uricAcid,246 
uricAcid,346 
uricAcid,852 
uricAcid,212 
uricAcid,377 
uricAcid,280 
uricAcid,307 
uricAcid,270 
uricAcid,361 
uricAcid,319 
uricAcid,317 
uricAcid,278 
uricAcid,291 
uricAcid,428 
uricAcid,372 
uricAcid,311 
uricAcid,386 
uricAcid,450 
uricAcid,415 
uricAcid,336 
uricAcid,407 
uricAcid,528 
uricAcid,227 
uricAcid,387 
uricAcid,412 
uricAcid,431 
uricAcid,333 
uricAcid,233 
uricAcid,282 
uricAcid,337 
uricAcid,280 
uricAcid,300 
uricAcid,247 
uricAcid,560 
uricAcid,281 
uricAcid,320 
uricAcid,307 
uricAcid,344 
uricAcid,216 
uricAcid,268 
uricAcid,359 
uricAcid,214 
uricAcid,242 
uricAcid,222 
uricAcid,312 
uricAcid,231 
uricAcid,372 
uricAcid,455 
uricAcid,176 
uricAcid,227 
uricAcid,299 
uricAcid,249 
uricAcid,303 
uricAcid,258 
uricAcid,337 
uricAcid,368 
uricAcid,330 
uricAcid,380 
uricAcid,122 
uricAcid,211 
uricAcid,183 
uricAcid,129 
uricAcid,218 
uricAcid,442 
uricAcid,344 
uricAcid,519 
uricAcid,252 
uricAcid,413 
uricAcid,310 
uricAcid,371 
uricAcid,650 
uricAcid,342 
uricAcid,440 
uricAcid,425 
uricAcid,338 
uricAcid,385 
uricAcid,367 
uricAcid,172 
uricAcid,289 
uricAcid,245 
uricAcid,428 
uricAcid,431 
uricAcid,451 
uricAcid,332 
uricAcid,317 
uricAcid,341 
uricAcid,373 
uricAcid,212 
uricAcid,449 
uricAcid,275 
uricAcid,411 
uricAcid,397 
uricAcid,403 
uricAcid,253 
uricAcid,380 
uricAcid,402 
uricAcid,269 
uricAcid,359 
uricAcid,368 
uricAcid,431 
uricAcid,176 
uricAcid,443 
uricAcid,517 
uricAcid,407 
uricAcid,260 
uricAcid,344 
uricAcid,355 
uricAcid,280 
uricAcid,359 
uricAcid,214 
uricAcid,494 
uricAcid,286 
uricAcid,405 
uricAcid,410 
uricAcid,387 
uricAcid,365 
uricAcid,294 
uricAcid,381 
uricAcid,417 
uricAcid,314 
uricAcid,421 
uricAcid,400 
uricAcid,321 
uricAcid,299 
uricAcid,327 
uricAcid,274 
uricAcid,322 
uricAcid,225 
uricAcid,358 
uricAcid,330 
uricAcid,369 
uricAcid,381 
uricAcid,360 
uricAcid,331 
uricAcid,256 
uricAcid,343 
uricAcid,421 
uricAcid,357 
uricAcid,443 
uricAcid,287 
uricAcid,350 
uricAcid,289 
uricAcid,290 
uricAcid,292 
uricAcid,323 
uricAcid,252 
uricAcid,320 
uricAcid,368 
uricAcid,243 
uricAcid,368 
uricAcid,190 
uricAcid,242 
uricAcid,304 
uricAcid,175 
uricAcid,207 
uricAcid,185 
uricAcid,389 
uricAcid,236 
uricAcid,323 
uricAcid,198 
uricAcid,198 
uricAcid,289 
uricAcid,201 
uricAcid,366 
uricAcid,244 
uricAcid,409 
uricAcid,424 
uricAcid,256 
uricAcid,314 
uricAcid,291 
uricAcid,319 
uricAcid,286 
uricAcid,281 
uricAcid,280 
uricAcid,343 
uricAcid,396 
uricAcid,322 
uricAcid,329 
uricAcid,428 
uricAcid,319 
uricAcid,300 
uricAcid,323 
uricAcid,330 
uricAcid,282 
uricAcid,290 
uricAcid,382 
uricAcid,347 
uricAcid,229 
uricAcid,318 
uricAcid,336 
uricAcid,318 
uricAcid,503 
uricAcid,192 
uricAcid,436 
uricAcid,317 
uricAcid,291 
uricAcid,178 
uricAcid,320 
uricAcid,299 
uricAcid,201 
uricAcid,342 
uricAcid,500 
uricAcid,315 
uricAcid,474 
uricAcid,270 
uricAcid,403 
uricAcid,393 
uricAcid,288 
uricAcid,380 
uricAcid,399 
uricAcid,171 
uricAcid,357 
uricAcid,174 
uricAcid,477 
uricAcid,451 
uricAcid,350 
uricAcid,236 
uricAcid,170 
uricAcid,352 
uricAcid,315 
uricAcid,256 
uricAcid,287 
uricAcid,402 
uricAcid,210 
uricAcid,346 
uricAcid,267 
uricAcid,358 
uricAcid,482 
uricAcid,473 
uricAcid,344 
uricAcid,143 
uricAcid,137 
uricAcid,298 
uricAcid,284 
uricAcid,247 
uricAcid,191 
uricAcid,221 
uricAcid,366 
uricAcid,200 
uricAcid,546 
uricAcid,180 
uricAcid,257 
uricAcid,192 
uricAcid,456 
uricAcid,101 
uricAcid,381 
uricAcid,232 
uricAcid,255 
uricAcid,365 
uricAcid,272 
uricAcid,385 
uricAcid,483 
uricAcid,350 
uricAcid,572 
uricAcid,138 
uricAcid,321 
uricAcid,306 
uricAcid,259 
uricAcid,321 
uricAcid,241 
uricAcid,299 
uricAcid,299 
uricAcid,289 
uricAcid,452 
uricAcid,333 
uricAcid,353 
uricAcid,317 
uricAcid,298 
uricAcid,182 
uricAcid,389 
uricAcid,406 
uricAcid,157 
uricAcid,175 
uricAcid,377 
uricAcid,199 
uricAcid,335 
uricAcid,373 
uricAcid,279 
uricAcid,330 
uricAcid,261 
uricAcid,291 
uricAcid,207 
uricAcid,227 
uricAcid,286 
uricAcid,277 
uricAcid,327 
uricAcid,428 
uricAcid,308 
uricAcid,350 
uricAcid,412 
uricAcid,426 
uricAcid,428 
uricAcid,544 
uricAcid,359 
uricAcid,458 
uricAcid,372 
uricAcid,334 
uricAcid,197 
uricAcid,274 
uricAcid,334 
uricAcid,276 
uricAcid,368 
uricAcid,306 
uricAcid,477 
uricAcid,336 
uricAcid,396 
uricAcid,330 
uricAcid,262 
uricAcid,397 
uricAcid,335 
uricAcid,271 
uricAcid,203 
uricAcid,213 
uricAcid,189 
uricAcid,182 
uricAcid,283 
uricAcid,281 
uricAcid,319 
uricAcid,257 
uricAcid,187 
uricAcid,260 
uricAcid,228 
uricAcid,244 
uricAcid,445 
uricAcid,236 
uricAcid,321 
uricAcid,211 
uricAcid,236 
uricAcid,261 
uricAcid,367 
uricAcid,492 
uricAcid,232 
uricAcid,342 
uricAcid,272 
uricAcid,295 
uricAcid,281 
uricAcid,434 
uricAcid,260 
uricAcid,417 
uricAcid,259 
uricAcid,315 
uricAcid,362 
uricAcid,442 
uricAcid,287 
uricAcid,482 
uricAcid,315 
uricAcid,512 
uricAcid,272 
uricAcid,255 
uricAcid,387 
uricAcid,294 
uricAcid,515 
uricAcid,245 
uricAcid,317 
uricAcid,255 
uricAcid,531 
uricAcid,263 
uricAcid,336 
uricAcid,294 
uricAcid,356 
uricAcid,439 
uricAcid,313 
uricAcid,315 
uricAcid,316 
uricAcid,263 
uricAcid,131 
uricAcid,419 
uricAcid,431 
uricAcid,468 
uricAcid,287 
uricAcid,214 
uricAcid,250 
uricAcid,283 
uricAcid,279 
uricAcid,310 
uricAcid,260 
uricAcid,179 
uricAcid,343 
uricAcid,292 
uricAcid,214 
uricAcid,244 
uricAcid,213 
uricAcid,265 
uricAcid,236 
uricAcid,299 
uricAcid,205 
uricAcid,278 
uricAcid,289 
uricAcid,293 
uricAcid,243 
uricAcid,242 
uricAcid,345 
uricAcid,217 
uricAcid,376 
uricAcid,190 
uricAcid,353 
uricAcid,263 
uricAcid,432 
uricAcid,285 
uricAcid,275 
uricAcid,207 
uricAcid,284 
uricAcid,365 
uricAcid,315 
uricAcid,215 
uricAcid,350 
uricAcid,212 
uricAcid,311 
uricAcid,334 
uricAcid,214 
uricAcid,207 
uricAcid,291 
uricAcid,220 
uricAcid,264 
uricAcid,256 
uricAcid,333 
uricAcid,307 
uricAcid,355 
uricAcid,385 
uricAcid,123 
uricAcid,376 
uricAcid,350 
uricAcid,342 
uricAcid,457 
uricAcid,303 
uricAcid,437 
uricAcid,138 
uricAcid,303 
uricAcid,317 
uricAcid,237 
uricAcid,261 
uricAcid,337 
uricAcid,224 
uricAcid,255 
uricAcid,253 
uricAcid,215 
uricAcid,333 
uricAcid,187 
uricAcid,388 
uricAcid,397 
uricAcid,253 
uricAcid,380 
uricAcid,257 
uricAcid,208 
uricAcid,230 
uricAcid,205 
uricAcid,199 
uricAcid,228 
uricAcid,168 
uricAcid,140 
uricAcid,236 
uricAcid,231 
uricAcid,265 
uricAcid,223 
uricAcid,306 
uricAcid,329 
uricAcid,211 
uricAcid,251 
uricAcid,276 
uricAcid,163 
uricAcid,183 
uricAcid,280 
uricAcid,294 
uricAcid,188 
uricAcid,308 
uricAcid,173 
uricAcid,244 
uricAcid,227 
uricAcid,335 
uricAcid,261 
uricAcid,192 
uricAcid,179 
uricAcid,356 
uricAcid,198 
uricAcid,182 
uricAcid,333 
uricAcid,227 
uricAcid,145 
uricAcid,226 
uricAcid,190 
uricAcid,93 
uricAcid,96 
uricAcid,140 
uricAcid,132 
uricAcid,190 
uricAcid,177 
uricAcid,151 
uricAcid,206 
uricAcid,197 
uricAcid,160 
uricAcid,343 
uricAcid,186 
uricAcid,445 
uricAcid,385 
uricAcid,137 
uricAcid,353 
uricAcid,265 
uricAcid,193 
uricAcid,414 
uricAcid,276 
uricAcid,209 
uricAcid,398 
uricAcid,317 
uricAcid,247 
uricAcid,412 
uricAcid,273 
uricAcid,253 
uricAcid,201 
uricAcid,138 
uricAcid,339 
uricAcid,418 
uricAcid,313 
uricAcid,236 
uricAcid,275 
uricAcid,275 
uricAcid,139 
uricAcid,419 
uricAcid,277 
uricAcid,149 
uricAcid,347 
uricAcid,315 
uricAcid,253 
uricAcid,167 
uricAcid,265 
uricAcid,252 
uricAcid,258 
uricAcid,309 
uricAcid,269 
uricAcid,227 
uricAcid,264 
uricAcid,185 
uricAcid,402 
uricAcid,259 
uricAcid,296 
uricAcid,224 
uricAcid,147 
uricAcid,261 
uricAcid,200 
uricAcid,265 
uricAcid,194 
uricAcid,191 
uricAcid,362 
uricAcid,175 
uricAcid,184 
uricAcid,123 
uricAcid,162 
uricAcid,256 
uricAcid,262 
uricAcid,258 
uricAcid,265 
uricAcid,158 
uricAcid,216 
uricAcid,245 
uricAcid,268 
uricAcid,169 
uricAcid,257 
uricAcid,244 
uricAcid,327 
uricAcid,230 
uricAcid,216 
uricAcid,354 
uricAcid,337 
uricAcid,246 
uricAcid,184 
uricAcid,236 
uricAcid,246 
uricAcid,145 
uricAcid,197 
uricAcid,179 
uricAcid,299 
uricAcid,215 
uricAcid,411 
uricAcid,306 
uricAcid,323 
uricAcid,337 
uricAcid,248 
uricAcid,257 
uricAcid,487 
uricAcid,251 
uricAcid,166 
uricAcid,301 
uricAcid,295 
uricAcid,375 
uricAcid,277 
uricAcid,216 
uricAcid,232 
uricAcid,226 
uricAcid,398 
uricAcid,517 
uricAcid,262 
uricAcid,400 
uricAcid,266 
uricAcid,289 
uricAcid,300 
uricAcid,164 
uricAcid,275 
uricAcid,311 
uricAcid,333 
uricAcid,181 
uricAcid,203 
uricAcid,160 
uricAcid,313 
uricAcid,224 
uricAcid,304 
uricAcid,229 
uricAcid,215 
uricAcid,210 
uricAcid,163 
uricAcid,331 
uricAcid,220 
uricAcid,229 
uricAcid,256 
uricAcid,148 
uricAcid,151 
uricAcid,203 
uricAcid,265 
uricAcid,181 
uricAcid,367 
uricAcid,211 
uricAcid,240 
uricAcid,207 
uricAcid,306 
uricAcid,194 
uricAcid,451 
uricAcid,339 
uricAcid,363 
uricAcid,300 
uricAcid,294 
uricAcid,274 
uricAcid,354 
uricAcid,364 
uricAcid,262 
uricAcid,306 
uricAcid,410 
uricAcid,223 
uricAcid,261 
uricAcid,352 
uricAcid,244 
uricAcid,492 
uricAcid,221 
uricAcid,414 
uricAcid,363 
uricAcid,350 
uricAcid,248 
uricAcid,218 
uricAcid,215 
uricAcid,498 
uricAcid,447 
uricAcid,227 
uricAcid,342 
uricAcid,241 
uricAcid,273 
uricAcid,279 
uricAcid,330 
uricAcid,273 
uricAcid,464 
uricAcid,535 
uricAcid,377 
uricAcid,356 
uricAcid,327 
uricAcid,251 
uricAcid,362 
uricAcid,324 
uricAcid,274 
uricAcid,187 
uricAcid,189 
uricAcid,260 
uricAcid,411 
uricAcid,314 
uricAcid,370 
uricAcid,226 
uricAcid,318 
uricAcid,304 
uricAcid,265 
uricAcid,334 
uricAcid,420 
uricAcid,255 
uricAcid,252 
uricAcid,329 
uricAcid,351 
uricAcid,240 
uricAcid,251 
uricAcid,199 
uricAcid,275 
uricAcid,359 
uricAcid,376 
uricAcid,303 
uricAcid,237 
uricAcid,243 
uricAcid,281 
uricAcid,403 
uricAcid,367 
uricAcid,416 
uricAcid,313 
uricAcid,368 
uricAcid,402 
uricAcid,299 
uricAcid,321 
uricAcid,301 
uricAcid,248 
uricAcid,254 
uricAcid,335 
uricAcid,360 
uricAcid,380 
uricAcid,303 
uricAcid,311 
uricAcid,223 
uricAcid,335 
uricAcid,305 
uricAcid,280 
uricAcid,251 
uricAcid,222 
uricAcid,231 
uricAcid,321 
uricAcid,216 
uricAcid,303 
uricAcid,341 
uricAcid,382 
uricAcid,220 
uricAcid,396 
uricAcid,216 
uricAcid,204 
uricAcid,185 
uricAcid,314 
uricAcid,242 
uricAcid,290 
uricAcid,319 
uricAcid,388 
uricAcid,234 
uricAcid,472 
uricAcid,299 
uricAcid,216 
uricAcid,358 
uricAcid,293 
uricAcid,258 
uricAcid,317 
uricAcid,324 
uricAcid,377 
uricAcid,320 
uricAcid,237 
uricAcid,294 
uricAcid,425 
uricAcid,396 
uricAcid,258 
uricAcid,308 
uricAcid,197 
uricAcid,490 
uricAcid,291 
uricAcid,301 
uricAcid,234 
uricAcid,175 
uricAcid,349 
uricAcid,304 
uricAcid,333 
uricAcid,373 
uricAcid,380 
uricAcid,273 
uricAcid,261 
uricAcid,138 
uricAcid,271 
uricAcid,483 
uricAcid,143 
uricAcid,300 
uricAcid,197 
uricAcid,338 
uricAcid,271 
uricAcid,325 
uricAcid,318 
uricAcid,353 
uricAcid,265 
uricAcid,280 
uricAcid,332 
uricAcid,322 
uricAcid,353 
uricAcid,262 
uricAcid,334 
uricAcid,236 
uricAcid,337 
uricAcid,256 
uricAcid,236 
uricAcid,293 
uricAcid,309 
uricAcid,394 
uricAcid,308 
uricAcid,368 
uricAcid,227 
uricAcid,276 
uricAcid,209 
uricAcid,299 
uricAcid,300 
uricAcid,380 
uricAcid,240 
uricAcid,235 
uricAcid,127 
uricAcid,213 
uricAcid,257 
uricAcid,381 
uricAcid,336 
uricAcid,277 
uricAcid,145 
uricAcid,312 
uricAcid,354 
uricAcid,225 
uricAcid,257 
uricAcid,257 
uricAcid,229 
uricAcid,189 
uricAcid,332 
uricAcid,281 
uricAcid,330 
uricAcid,292 
uricAcid,432 
uricAcid,334 
uricAcid,420 
uricAcid,297 
uricAcid,412 
uricAcid,212 
uricAcid,363 
uricAcid,231 
uricAcid,282 
uricAcid,319 
uricAcid,258 
uricAcid,280 
uricAcid,237 
uricAcid,325 
uricAcid,174 
uricAcid,256 
uricAcid,192 
uricAcid,305 
uricAcid,318 
uricAcid,362 
uricAcid,325 
uricAcid,346 
uricAcid,378 
uricAcid,338 
uricAcid,347 
uricAcid,340 
uricAcid,321 
uricAcid,509 
uricAcid,409 
uricAcid,352 
uricAcid,338 
uricAcid,277 
uricAcid,350 
uricAcid,306 
uricAcid,227 
uricAcid,324 
uricAcid,247 
uricAcid,220 
uricAcid,187 
uricAcid,225 
uricAcid,251 
uricAcid,260 
uricAcid,233 
uricAcid,264 
uricAcid,234 
uricAcid,410 
uricAcid,342 
uricAcid,357 
uricAcid,292 
uricAcid,271 
uricAcid,210 
uricAcid,241 
uricAcid,364 
uricAcid,318 
uricAcid,257 
uricAcid,274 
uricAcid,274 
uricAcid,453 
uricAcid,359 
uricAcid,272 
uricAcid,391 
uricAcid,487 
uricAcid,385 
uricAcid,247 
uricAcid,296 
uricAcid,359 
uricAcid,330 
uricAcid,410 
uricAcid,262 
uricAcid,204 
uricAcid,306 
uricAcid,332 
uricAcid,366 
uricAcid,274 
uricAcid,296 
uricAcid,309 
uricAcid,231 
uricAcid,338 
uricAcid,417 
uricAcid,387 
uricAcid,226 
uricAcid,501 
uricAcid,378 
uricAcid,283 
uricAcid,376 
uricAcid,328 
uricAcid,389 
uricAcid,271 
uricAcid,391 
uricAcid,356 
uricAcid,328 
uricAcid,315 
uricAcid,283 
uricAcid,277 
uricAcid,375 
uricAcid,457 
uricAcid,277 
uricAcid,285 
uricAcid,481 
uricAcid,309 
uricAcid,326 
uricAcid,515 
uricAcid,258 
uricAcid,331 
uricAcid,469 
uricAcid,286 
uricAcid,346 
uricAcid,246 
uricAcid,316 
uricAcid,413 
uricAcid,342 
uricAcid,273 
uricAcid,286 
uricAcid,364 
uricAcid,392 
uricAcid,256 
uricAcid,341 
uricAcid,529 
uricAcid,385 
uricAcid,393 
uricAcid,402 
uricAcid,306 
uricAcid,244 
uricAcid,465 
uricAcid,242 
uricAcid,298 
uricAcid,380 
uricAcid,371 
uricAcid,299 
uricAcid,433 
uricAcid,306 
uricAcid,548 
uricAcid,245 
uricAcid,426 
uricAcid,294 
uricAcid,434 
uricAcid,319 
uricAcid,269 
uricAcid,363 
uricAcid,212 
uricAcid,314 
uricAcid,314 
uricAcid,357 
uricAcid,447 
uricAcid,257 
uricAcid,384 
uricAcid,413 
uricAcid,394 
uricAcid,492 
uricAcid,407 
uricAcid,442 
uricAcid,488 
uricAcid,469 
uricAcid,375 
uricAcid,482 
uricAcid,312 
uricAcid,455 
uricAcid,367 
uricAcid,362 
uricAcid,345 
uricAcid,422 
uricAcid,332 
uricAcid,295 
uricAcid,271 
uricAcid,394 
uricAcid,254 
uricAcid,281 
uricAcid,292 
uricAcid,439 
uricAcid,179 
uricAcid,301 
uricAcid,524 
uricAcid,249 
uricAcid,278 
uricAcid,262 
uricAcid,418 
uricAcid,394 
uricAcid,447 
uricAcid,333 
uricAcid,573 
uricAcid,246 
uricAcid,434 
uricAcid,315 
uricAcid,268 
uricAcid,350 
uricAcid,212 
uricAcid,221 
uricAcid,199 
uricAcid,509 
uricAcid,302 
uricAcid,330 
uricAcid,352 
uricAcid,264 
uricAcid,310 
uricAcid,275 
uricAcid,133 
uricAcid,177 
uricAcid,207 
uricAcid,150 
uricAcid,260 
uricAcid,281 
uricAcid,208 
uricAcid,262 
uricAcid,165 
uricAcid,256 
uricAcid,285 
uricAcid,215 
uricAcid,266 
uricAcid,338 
uricAcid,256 
uricAcid,305 
uricAcid,365 
uricAcid,284 
uricAcid,205 
uricAcid,247 
uricAcid,233 
uricAcid,333 
uricAcid,238 
uricAcid,251 
uricAcid,255 
uricAcid,279 
uricAcid,354 
uricAcid,200 
uricAcid,274 
uricAcid,270 
uricAcid,288 
uricAcid,340 
uricAcid,286 
uricAcid,227 
uricAcid,390 
uricAcid,329 
uricAcid,312 
uricAcid,233 
uricAcid,365 
uricAcid,319 
uricAcid,262 
uricAcid,304 
uricAcid,338 
uricAcid,281 
uricAcid,194 
uricAcid,272 
uricAcid,321 
uricAcid,210 
uricAcid,330 
uricAcid,379 
uricAcid,280 
uricAcid,240 
uricAcid,254 
uricAcid,267 
uricAcid,226 
uricAcid,323 
uricAcid,351 
uricAcid,291 
uricAcid,253 
uricAcid,465 
uricAcid,306 
uricAcid,464 
uricAcid,448 
uricAcid,401 
uricAcid,266 
uricAcid,317 
uricAcid,442 
uricAcid,347 
uricAcid,365 
uricAcid,291 
uricAcid,358 
uricAcid,313 
uricAcid,243 
uricAcid,295 
uricAcid,251 
uricAcid,298 
uricAcid,205 
uricAcid,273 
uricAcid,232 
uricAcid,279 
uricAcid,255 
uricAcid,198 
uricAcid,381 
uricAcid,300 
uricAcid,295 
uricAcid,191 
uricAcid,245 
uricAcid,449 
uricAcid,255 
uricAcid,336 
uricAcid,262 
uricAcid,268 
uricAcid,323 
uricAcid,341 
uricAcid,373 
uricAcid,350 
uricAcid,333 
uricAcid,251 
uricAcid,366 
uricAcid,518 
uricAcid,231 
uricAcid,406 
uricAcid,308 
uricAcid,352 
uricAcid,290 
uricAcid,164 
uricAcid,176 
uricAcid,360 
uricAcid,316 
uricAcid,241 
uricAcid,365 
uricAcid,328 
uricAcid,309 
uricAcid,259 
uricAcid,390 
uricAcid,443 
uricAcid,283 
uricAcid,354 
uricAcid,325 
uricAcid,312 
uricAcid,325 
uricAcid,165 
uricAcid,551 
uricAcid,287 
uricAcid,349 
uricAcid,432 
uricAcid,340 
uricAcid,208 
uricAcid,308 
uricAcid,356 
uricAcid,360 
uricAcid,258 
uricAcid,408 
uricAcid,276 
uricAcid,239 
uricAcid,276 
uricAcid,242 
uricAcid,313 
uricAcid,271 
uricAcid,136 
uricAcid,353 
uricAcid,337 
uricAcid,315 
uricAcid,301 
uricAcid,339 
uricAcid,362 
uricAcid,355 
uricAcid,196 
uricAcid,364 
uricAcid,163 
uricAcid,329 
uricAcid,385 
uricAcid,457 
uricAcid,338 
uricAcid,440 
uricAcid,364 
uricAcid,245 
uricAcid,360 
uricAcid,195 
uricAcid,288 
uricAcid,528 
uricAcid,443 
uricAcid,116 
uricAcid,454 
uricAcid,307 
uricAcid,411 
uricAcid,414 
uricAcid,310 
uricAcid,263 
uricAcid,426 
uricAcid,301 
uricAcid,426 
uricAcid,319 
uricAcid,267 
uricAcid,313 
uricAcid,467 
uricAcid,425 
uricAcid,398 
uricAcid,363 
uricAcid,319 
uricAcid,209 
uricAcid,319 
uricAcid,298 
uricAcid,200 
uricAcid,360 
uricAcid,396 
uricAcid,289 
uricAcid,366 
uricAcid,337 
uricAcid,305 
uricAcid,408 
uricAcid,429 
uricAcid,442 
uricAcid,462 
uricAcid,253 
uricAcid,345 
uricAcid,254 
uricAcid,291 
uricAcid,564 
uricAcid,448 
uricAcid,308 
uricAcid,420 
uricAcid,270 
uricAcid,325 
uricAcid,309 
uricAcid,250 
uricAcid,287 
uricAcid,239 
uricAcid,337 
uricAcid,332 
uricAcid,286 
uricAcid,328 
uricAcid,317 
uricAcid,321 
uricAcid,330 
uricAcid,378 
uricAcid,303 
uricAcid,277 
uricAcid,247 
uricAcid,211 
uricAcid,300 
uricAcid,289 
uricAcid,386 
uricAcid,166 
uricAcid,222 
uricAcid,363 
uricAcid,231 
uricAcid,250 
uricAcid,498 
uricAcid,312 
uricAcid,562 
uricAcid,324 
uricAcid,357 
uricAcid,372 
uricAcid,275 
uricAcid,381 
uricAcid,318 
uricAcid,266 
uricAcid,267 
uricAcid,344 
uricAcid,330 
uricAcid,439 
uricAcid,319 
uricAcid,285 
uricAcid,325 
uricAcid,312 
uricAcid,114 
uricAcid,306 
uricAcid,254 
uricAcid,434 
uricAcid,330 
uricAcid,388 
uricAcid,363 
uricAcid,241 
uricAcid,284 
uricAcid,359 
uricAcid,335 
uricAcid,248 
uricAcid,341 
uricAcid,388 
uricAcid,387 
uricAcid,255 
uricAcid,398 
uricAcid,322 
uricAcid,492 
uricAcid,243 
uricAcid,286 
uricAcid,213 
uricAcid,407 
uricAcid,313 
uricAcid,528 
uricAcid,186 
uricAcid,324 
uricAcid,330 
uricAcid,311 
uricAcid,456 
uricAcid,239 
uricAcid,278 
uricAcid,357 
uricAcid,563 
uricAcid,314 
uricAcid,330 
uricAcid,496 
uricAcid,501 
uricAcid,233 
uricAcid,221 
uricAcid,366 
uricAcid,422 
uricAcid,271 
uricAcid,255 
uricAcid,415 
uricAcid,146 
uricAcid,268 
uricAcid,516 
uricAcid,326 
uricAcid,527 
uricAcid,277 
uricAcid,367 
uricAcid,356 
uricAcid,392 
uricAcid,340 
uricAcid,326 
uricAcid,354 
uricAcid,381 
uricAcid,388 
uricAcid,300 
uricAcid,406 
uricAcid,252 
uricAcid,318 
uricAcid,386 
uricAcid,448 
uricAcid,445 
uricAcid,218 
uricAcid,305 
uricAcid,464 
uricAcid,248 
uricAcid,329 
uricAcid,396 
uricAcid,417 
uricAcid,302 
uricAcid,374 
uricAcid,431 
uricAcid,337 
uricAcid,619 
uricAcid,261 
uricAcid,190 
uricAcid,171 
uricAcid,160 
uricAcid,177 
uricAcid,215 
uricAcid,147 
uricAcid,174 
uricAcid,176 
uricAcid,200 
uricAcid,205 
uricAcid,200 
uricAcid,183 
uricAcid,141 
uricAcid,303 
uricAcid,200 
uricAcid,203 
uricAcid,266 
uricAcid,160 
uricAcid,260 
uricAcid,228 
uricAcid,276 
uricAcid,237 
uricAcid,337 
uricAcid,328 
uricAcid,242 
uricAcid,292 
uricAcid,270 
uricAcid,199 
uricAcid,164 
uricAcid,201 
uricAcid,184 
uricAcid,318 
uricAcid,193 
uricAcid,213 
uricAcid,226 
uricAcid,227 
uricAcid,260 
uricAcid,179 
uricAcid,181 
uricAcid,357 
uricAcid,215 
uricAcid,335 
uricAcid,652 
uricAcid,390 
uricAcid,291 
uricAcid,201 
uricAcid,251 
uricAcid,265 
uricAcid,219 
uricAcid,246 
uricAcid,310 
uricAcid,357 
uricAcid,341 
uricAcid,188 
uricAcid,253 
uricAcid,157 
uricAcid,327 
uricAcid,235 
uricAcid,209 
uricAcid,270 
uricAcid,266 
uricAcid,164 
uricAcid,169 
uricAcid,281 
uricAcid,217 
uricAcid,159 
uricAcid,201 
uricAcid,519 
uricAcid,191 
uricAcid,263 
uricAcid,238 
uricAcid,184 
uricAcid,108 
uricAcid,159 
uricAcid,150 
uricAcid,277 
uricAcid,326 
uricAcid,325 
uricAcid,341 
uricAcid,309 
uricAcid,405 
uricAcid,327 
uricAcid,241 
uricAcid,306 
uricAcid,330 
uricAcid,182 
uricAcid,242 
uricAcid,235 
uricAcid,330 
uricAcid,186 
uricAcid,244 
uricAcid,285 
uricAcid,329 
uricAcid,304 
uricAcid,408 
uricAcid,368 
uricAcid,164 
uricAcid,362 
uricAcid,279 
uricAcid,246 
uricAcid,340 
uricAcid,261 
uricAcid,406 
uricAcid,342 
uricAcid,283 
uricAcid,165 
uricAcid,161 
uricAcid,212 
uricAcid,263 
uricAcid,201 
uricAcid,247 
uricAcid,524 
uricAcid,149 
uricAcid,288 
uricAcid,341 
uricAcid,338 
uricAcid,276 
uricAcid,184 
uricAcid,224 
uricAcid,82 
uricAcid,221 
uricAcid,359 
uricAcid,284 
uricAcid,214 
uricAcid,316 
uricAcid,209 
uricAcid,342 
uricAcid,252 
uricAcid,315 
uricAcid,175 
uricAcid,388 
uricAcid,277 
uricAcid,298 
uricAcid,307 
uricAcid,284 
uricAcid,326 
uricAcid,276 
uricAcid,306 
uricAcid,199 
uricAcid,452 
uricAcid,383 
uricAcid,237 
uricAcid,203 
uricAcid,279 
uricAcid,474 
uricAcid,130 
uricAcid,322 
uricAcid,324 
uricAcid,325 
uricAcid,277 
uricAcid,327 
uricAcid,444 
uricAcid,253 
uricAcid,103 
uricAcid,174 
uricAcid,150 
uricAcid,178 
uricAcid,302 
uricAcid,219 
uricAcid,413 
uricAcid,174 
uricAcid,175 
uricAcid,175 
uricAcid,188 
uricAcid,269 
uricAcid,264 
uricAcid,267 
uricAcid,241 
uricAcid,235 
uricAcid,248 
uricAcid,289 
uricAcid,255 
uricAcid,395 
uricAcid,196 
uricAcid,292 
uricAcid,326 
uricAcid,277 
uricAcid,442 
uricAcid,303 
uricAcid,414 
uricAcid,319 
uricAcid,319 
uricAcid,446 
uricAcid,300 
uricAcid,250 
uricAcid,449 
uricAcid,133 
uricAcid,185 
uricAcid,288 
uricAcid,217 
uricAcid,193 
uricAcid,177 
uricAcid,153 
uricAcid,234 
uricAcid,219 
uricAcid,296 
uricAcid,299 
uricAcid,345 
uricAcid,329 
uricAcid,329 
uricAcid,333 
uricAcid,364 
uricAcid,235 
uricAcid,300 
uricAcid,352 
uricAcid,218 
uricAcid,240 
uricAcid,208 
uricAcid,305 
uricAcid,239 
uricAcid,242 
uricAcid,459 
uricAcid,245 
uricAcid,509 
uricAcid,353 
uricAcid,218 
uricAcid,197 
uricAcid,164 
uricAcid,265 
uricAcid,377 
uricAcid,357 
uricAcid,265 
uricAcid,264 
uricAcid,207 
uricAcid,365 
uricAcid,381 
uricAcid,311 
uricAcid,266 
uricAcid,380 
uricAcid,344 
uricAcid,195 
uricAcid,338 
uricAcid,237 
uricAcid,231 
uricAcid,129 
uricAcid,288 
uricAcid,310 
uricAcid,265 
uricAcid,253 
uricAcid,306 
uricAcid,368 
uricAcid,446 
uricAcid,347 
uricAcid,146 
uricAcid,219 
uricAcid,268 
uricAcid,159 
uricAcid,184 
uricAcid,295 
uricAcid,307 
uricAcid,305 
uricAcid,222 
uricAcid,97 
uricAcid,290 
uricAcid,133 
uricAcid,278 
uricAcid,123 
uricAcid,288 
uricAcid,285 
uricAcid,321 
uricAcid,216 
uricAcid,380 
uricAcid,309 
uricAcid,253 
uricAcid,495 
uricAcid,321 
uricAcid,215 
uricAcid,221 
uricAcid,228 
uricAcid,137 
uricAcid,330 
uricAcid,145 
uricAcid,318 
uricAcid,299 
uricAcid,279 
uricAcid,377 
uricAcid,209 
uricAcid,325 
uricAcid,364 
uricAcid,324 
uricAcid,277 
uricAcid,258 
uricAcid,438 
uricAcid,266 
uricAcid,254 
uricAcid,470 
uricAcid,369 
uricAcid,516 
uricAcid,149 
uricAcid,186 
uricAcid,147 
uricAcid,166 
uricAcid,372 
uricAcid,314 
uricAcid,238 
uricAcid,216 
uricAcid,205 
uricAcid,252 
uricAcid,264 
uricAcid,271 
uricAcid,341 
uricAcid,455 
uricAcid,394 
uricAcid,409 
uricAcid,574 
uricAcid,223 
uricAcid,353 
uricAcid,323 
uricAcid,325 
uricAcid,374 
uricAcid,237 
uricAcid,311 
uricAcid,236 
uricAcid,295 
uricAcid,349 
uricAcid,389 
uricAcid,256 
uricAcid,540 
uricAcid,597 
uricAcid,305 
uricAcid,174 
uricAcid,254 
uricAcid,409 
uricAcid,387 
uricAcid,300 
uricAcid,391 
uricAcid,448 
uricAcid,365 
uricAcid,343 
uricAcid,354 
uricAcid,358 
uricAcid,212 
uricAcid,272 
uricAcid,380 
uricAcid,251 
uricAcid,249 
uricAcid,364 
uricAcid,428 
uricAcid,207 
uricAcid,409 
uricAcid,378 
uricAcid,249 
uricAcid,241 
uricAcid,233 
uricAcid,370 
uricAcid,272 
uricAcid,383 
uricAcid,354 
uricAcid,219 
uricAcid,223 
uricAcid,298 
uricAcid,361 
uricAcid,261 
uricAcid,257 
uricAcid,230 
uricAcid,268 
uricAcid,254 
uricAcid,205 
uricAcid,257 
uricAcid,227 
uricAcid,203 
uricAcid,200 
uricAcid,299 
uricAcid,170 
uricAcid,186 
uricAcid,325 
uricAcid,392 
uricAcid,242 
uricAcid,206 
uricAcid,382 
uricAcid,296 
uricAcid,311 
uricAcid,328 
uricAcid,260 
uricAcid,360 
uricAcid,480 
uricAcid,345 
uricAcid,362 
uricAcid,306 
uricAcid,282 
uricAcid,336 
uricAcid,432 
uricAcid,263 
uricAcid,336 
uricAcid,220 
uricAcid,411 
uricAcid,327 
uricAcid,278 
uricAcid,291 
uricAcid,340 
uricAcid,347 
uricAcid,202 
uricAcid,329 
uricAcid,279 
uricAcid,334 
uricAcid,338 
uricAcid,418 
uricAcid,283 
uricAcid,473 
uricAcid,373 
uricAcid,184 
uricAcid,283 
uricAcid,245 
uricAcid,255 
uricAcid,275 
uricAcid,201 
uricAcid,141 
uricAcid,241 
uricAcid,290 
uricAcid,163 
uricAcid,297 
uricAcid,285 
uricAcid,285 
uricAcid,225 
uricAcid,242 
uricAcid,254 
uricAcid,246 
uricAcid,159 
uricAcid,322 
uricAcid,297 
uricAcid,175 
uricAcid,378 
uricAcid,338 
uricAcid,112 
uricAcid,314 
uricAcid,250 
uricAcid,269 
uricAcid,267 
uricAcid,321 
uricAcid,262 
uricAcid,275 
uricAcid,321 
uricAcid,322 
uricAcid,247 
uricAcid,182 
uricAcid,261 
uricAcid,371 
uricAcid,382 
uricAcid,194 
uricAcid,299 
uricAcid,210 
uricAcid,253 
uricAcid,225 
uricAcid,234 
uricAcid,235 
uricAcid,172 
uricAcid,260 
uricAcid,231 
uricAcid,376 
uricAcid,230 
uricAcid,199 
uricAcid,300 
uricAcid,158 
uricAcid,220 
uricAcid,249 
uricAcid,327 
uricAcid,399 
uricAcid,230 
uricAcid,324 
uricAcid,305 
uricAcid,338 
uricAcid,328 
uricAcid,284 
uricAcid,110 
uricAcid,297 
uricAcid,240 
uricAcid,376 
uricAcid,222 
uricAcid,151 
uricAcid,138 
uricAcid,429 
uricAcid,203 
uricAcid,354 
uricAcid,377 
uricAcid,367 
uricAcid,302 
uricAcid,390 
uricAcid,364 
uricAcid,245 
uricAcid,340 
uricAcid,268 
uricAcid,394 
uricAcid,360 
uricAcid,260 
uricAcid,227 
uricAcid,322 
uricAcid,377 
uricAcid,220 
uricAcid,403 
uricAcid,330 
uricAcid,446 
uricAcid,244 
uricAcid,273 
uricAcid,364 
uricAcid,239 
uricAcid,361 
uricAcid,303 
uricAcid,225 
uricAcid,302 
uricAcid,190 
uricAcid,395 
uricAcid,147 
uricAcid,204 
uricAcid,323 
uricAcid,250 
uricAcid,285 
uricAcid,349 
uricAcid,418 
uricAcid,304 
uricAcid,250 
uricAcid,333 
uricAcid,262 
uricAcid,352 
uricAcid,249 
uricAcid,362 
uricAcid,298 
uricAcid,403 
uricAcid,430 
uricAcid,321 
uricAcid,269 
uricAcid,421 
uricAcid,285 
uricAcid,236 
uricAcid,388 
uricAcid,583 
uricAcid,264 
uricAcid,346 
uricAcid,287 
uricAcid,354 
uricAcid,242 
uricAcid,284 
uricAcid,325 
uricAcid,292 
uricAcid,199 
uricAcid,221 
uricAcid,182 
uricAcid,187 
uricAcid,354 
uricAcid,352 
uricAcid,263 
uricAcid,254 
uricAcid,347 
uricAcid,141 
uricAcid,217 
uricAcid,305 
uricAcid,331 
uricAcid,215 
uricAcid,226 
uricAcid,153 
uricAcid,130 
uricAcid,179 
uricAcid,275 
uricAcid,384 
uricAcid,315 
uricAcid,202 
uricAcid,192 
uricAcid,294 
uricAcid,213 
uricAcid,200 
uricAcid,202 
uricAcid,295 
uricAcid,201 
uricAcid,155 
uricAcid,358 
uricAcid,175 
uricAcid,119 
uricAcid,326 
uricAcid,214 
uricAcid,196 
uricAcid,198 
uricAcid,275 
uricAcid,488 
uricAcid,313 
uricAcid,211 
uricAcid,418 
uricAcid,194 
uricAcid,463 
uricAcid,313 
uricAcid,365 
uricAcid,338 
uricAcid,343 
uricAcid,257 
uricAcid,291 
uricAcid,167 
uricAcid,295 
uricAcid,317 
uricAcid,328 
uricAcid,338 
uricAcid,417 
uricAcid,384 
uricAcid,604 
uricAcid,326 
uricAcid,389 
uricAcid,382 
uricAcid,256 
uricAcid,281 
uricAcid,288 
uricAcid,327 
uricAcid,277 
uricAcid,334 
uricAcid,436 
uricAcid,198 
uricAcid,343 
uricAcid,401 
uricAcid,236 
uricAcid,312 
uricAcid,232 
uricAcid,340 
uricAcid,251 
uricAcid,258 
uricAcid,256 
uricAcid,323 
uricAcid,215 
uricAcid,239 
uricAcid,285 
uricAcid,360 
uricAcid,286 
uricAcid,274 
uricAcid,357 
uricAcid,284 
uricAcid,237 
uricAcid,438 
uricAcid,347 
uricAcid,339 
uricAcid,374 
uricAcid,229 
uricAcid,266 
uricAcid,515 
uricAcid,288 
uricAcid,294 
uricAcid,310 
uricAcid,286 
uricAcid,378 
uricAcid,287 
uricAcid,307 
uricAcid,344 
uricAcid,253 
uricAcid,255 
uricAcid,369 
uricAcid,246 
uricAcid,295 
uricAcid,255 
uricAcid,266 
uricAcid,275 
uricAcid,337 
uricAcid,308 
uricAcid,300 
uricAcid,287 
uricAcid,357 
uricAcid,231 
uricAcid,397 
uricAcid,282 
uricAcid,366 
uricAcid,315 
uricAcid,344 
uricAcid,283 
uricAcid,330 
uricAcid,339 
uricAcid,264 
uricAcid,307 
uricAcid,194 
uricAcid,203 
uricAcid,170 
uricAcid,378 
uricAcid,418 
uricAcid,321 
uricAcid,241 
uricAcid,218 
uricAcid,339 
uricAcid,235 
uricAcid,219 
uricAcid,366 
uricAcid,182 
uricAcid,324 
uricAcid,139 
uricAcid,451 
uricAcid,420 
uricAcid,324 
uricAcid,270 
uricAcid,143 
uricAcid,240 
uricAcid,489 
uricAcid,239 
uricAcid,238 
uricAcid,391 
uricAcid,300 
uricAcid,293 
uricAcid,413 
uricAcid,392 
uricAcid,260 
uricAcid,311 
uricAcid,393 
uricAcid,304 
uricAcid,223 
uricAcid,395 
uricAcid,238 
uricAcid,485 
uricAcid,255 
uricAcid,291 
uricAcid,243 
uricAcid,277 
uricAcid,205 
uricAcid,282 
uricAcid,289 
uricAcid,346 
uricAcid,243 
uricAcid,255 
uricAcid,406 
uricAcid,225 
uricAcid,323 
uricAcid,288 
uricAcid,321 
uricAcid,263 
uricAcid,195 
uricAcid,216 
uricAcid,227 
uricAcid,273 
uricAcid,237 
uricAcid,214 
uricAcid,232 
uricAcid,236 
uricAcid,207 
uricAcid,191 
uricAcid,293 
uricAcid,273 
uricAcid,284 
uricAcid,172 
uricAcid,307 
uricAcid,282 
uricAcid,294 
uricAcid,402 
uricAcid,231 
uricAcid,256 
uricAcid,258 
uricAcid,299 
uricAcid,219 
uricAcid,295 
uricAcid,305 
uricAcid,199 
uricAcid,273 
uricAcid,286 
uricAcid,297 
uricAcid,233 
uricAcid,129 
uricAcid,306 
uricAcid,159 
uricAcid,405 
uricAcid,168 
uricAcid,228 
uricAcid,163 
uricAcid,208 
uricAcid,271 
uricAcid,196 
uricAcid,190 
uricAcid,190 
uricAcid,303 
uricAcid,306 
uricAcid,229 
uricAcid,213 
uricAcid,207 
uricAcid,243 
uricAcid,267 
uricAcid,225 
uricAcid,316 
uricAcid,326 
uricAcid,218 
uricAcid,294 
uricAcid,262 
uricAcid,270 
uricAcid,185 
uricAcid,222 
uricAcid,268 
uricAcid,278 
uricAcid,248 
uricAcid,371 
uricAcid,220 
uricAcid,271 
uricAcid,238 
uricAcid,331 
uricAcid,255 
uricAcid,193 
uricAcid,331 
uricAcid,229 
uricAcid,334 
uricAcid,466 
uricAcid,282 
uricAcid,234 
uricAcid,277 
uricAcid,256 
uricAcid,377 
uricAcid,300 
uricAcid,304 
uricAcid,332 
uricAcid,336 
uricAcid,274 
uricAcid,260 
uricAcid,243 
uricAcid,228 
uricAcid,298 
uricAcid,277 
uricAcid,307 
uricAcid,433 
uricAcid,235 
uricAcid,305 
uricAcid,371 
uricAcid,319 
uricAcid,348 
uricAcid,221 
uricAcid,267 
uricAcid,318 
uricAcid,250 
uricAcid,382 
uricAcid,466 
uricAcid,282 
uricAcid,323 
uricAcid,243 
uricAcid,370 
uricAcid,306 
uricAcid,234 
uricAcid,292 
uricAcid,255 
uricAcid,162 
uricAcid,200 
uricAcid,309 
uricAcid,361 
uricAcid,265 
uricAcid,192 
uricAcid,514 
uricAcid,97 
uricAcid,251 
uricAcid,154 
uricAcid,205 
uricAcid,421 
uricAcid,447 
uricAcid,185 
uricAcid,291 
uricAcid,282 
uricAcid,244 
uricAcid,124 
uricAcid,339 
uricAcid,268 
uricAcid,386 
uricAcid,197 
uricAcid,262 
uricAcid,351 
uricAcid,404 
uricAcid,156 
uricAcid,215 
uricAcid,245 
uricAcid,400 
uricAcid,245 
uricAcid,284 
uricAcid,215 
uricAcid,378 
uricAcid,256 
uricAcid,239 
uricAcid,331 
uricAcid,264 
uricAcid,467 
uricAcid,287 
uricAcid,169 
uricAcid,219 
uricAcid,184 
uricAcid,357 
uricAcid,281 
uricAcid,362 
uricAcid,324 
uricAcid,151 
uricAcid,281 
uricAcid,423 
uricAcid,188 
uricAcid,183 
uricAcid,233 
uricAcid,198 
uricAcid,185 
uricAcid,217 
uricAcid,339 
uricAcid,185 
uricAcid,207 
uricAcid,278 
uricAcid,230 
uricAcid,385 
uricAcid,319 
uricAcid,209 
uricAcid,428 
uricAcid,298 
uricAcid,230 
uricAcid,297 
uricAcid,252 
uricAcid,346 
uricAcid,317 
uricAcid,413 
uricAcid,375 
uricAcid,307 
uricAcid,336 
uricAcid,311 
uricAcid,385 
uricAcid,229 
uricAcid,299 
uricAcid,309 
uricAcid,321 
uricAcid,360 
uricAcid,247 
uricAcid,254 
uricAcid,333 
uricAcid,503 
uricAcid,248 
uricAcid,304 
uricAcid,431 
uricAcid,191 
uricAcid,405 
uricAcid,474 
uricAcid,467 
uricAcid,361 
uricAcid,180 
uricAcid,222 
uricAcid,258 
uricAcid,226 
uricAcid,235 
uricAcid,222 
uricAcid,331 
uricAcid,220 
uricAcid,228 
uricAcid,359 
uricAcid,214 
uricAcid,433 
uricAcid,203 
uricAcid,311 
uricAcid,429 
uricAcid,172 
uricAcid,266 
uricAcid,344 
uricAcid,246 
uricAcid,236 
uricAcid,388 
uricAcid,339 
uricAcid,244 
uricAcid,140 
uricAcid,311 
uricAcid,220 
uricAcid,294 
uricAcid,318 
uricAcid,254 
uricAcid,249 
uricAcid,243 
uricAcid,432 
uricAcid,432 
uricAcid,337 
uricAcid,265 
uricAcid,280 
uricAcid,268 
uricAcid,337 
uricAcid,192 
uricAcid,262 
uricAcid,270 
uricAcid,184 
uricAcid,263 
uricAcid,350 
uricAcid,291 
uricAcid,306 
uricAcid,405 
uricAcid,167 
uricAcid,169 
uricAcid,221 
uricAcid,248 
uricAcid,242 
uricAcid,254 
uricAcid,276 
uricAcid,298 
uricAcid,313 
uricAcid,244 
uricAcid,240 
uricAcid,293 
uricAcid,171 
uricAcid,329 
uricAcid,280 
uricAcid,277 
uricAcid,244 
uricAcid,336 
uricAcid,309 
uricAcid,224 
uricAcid,257 
uricAcid,233 
uricAcid,226 
uricAcid,253 
uricAcid,402 
uricAcid,252 
uricAcid,325 
uricAcid,194 
uricAcid,201 
uricAcid,359 
uricAcid,193 
uricAcid,275 
uricAcid,177 
uricAcid,429 
uricAcid,184 
uricAcid,304 
uricAcid,164 
uricAcid,184 
uricAcid,312 
uricAcid,201 
uricAcid,240 
uricAcid,179 
uricAcid,316 
uricAcid,292 
uricAcid,290 
uricAcid,269 
uricAcid,162 
uricAcid,335 
uricAcid,209 
uricAcid,265 
uricAcid,271 
uricAcid,202 
uricAcid,479 
uricAcid,290 
uricAcid,354 
uricAcid,348 
uricAcid,295 
uricAcid,403 
uricAcid,249 
uricAcid,381 
uricAcid,228 
uricAcid,301 
uricAcid,361 
uricAcid,249 
uricAcid,237 
uricAcid,473 
uricAcid,304 
uricAcid,270 
uricAcid,381 
uricAcid,351 
uricAcid,244 
uricAcid,269 
uricAcid,282 
uricAcid,333 
uricAcid,260 
uricAcid,398 
uricAcid,215 
uricAcid,319 
uricAcid,277 
uricAcid,357 
uricAcid,193 
uricAcid,252 
uricAcid,195 
uricAcid,229 
uricAcid,230 
uricAcid,240 
uricAcid,221 
uricAcid,256 
uricAcid,266 
uricAcid,270 
uricAcid,352 
uricAcid,229 
uricAcid,192 
uricAcid,231 
uricAcid,208 
uricAcid,427 
uricAcid,238 
uricAcid,250 
uricAcid,292 
uricAcid,413 
uricAcid,300 
uricAcid,429 
uricAcid,191 
uricAcid,405 
uricAcid,322 
uricAcid,190 
uricAcid,231 
uricAcid,378 
uricAcid,259 
uricAcid,269 
uricAcid,335 
uricAcid,336 
uricAcid,197 
uricAcid,372 
uricAcid,277 
uricAcid,421 
uricAcid,208 
uricAcid,482 
uricAcid,358 
uricAcid,271 
uricAcid,152 
uricAcid,274 
uricAcid,254 
uricAcid,203 
uricAcid,209 
uricAcid,306 
uricAcid,246 
uricAcid,147 
uricAcid,208 
uricAcid,283 
uricAcid,206 
uricAcid,464 
uricAcid,197 
uricAcid,258 
uricAcid,261 
uricAcid,461 
uricAcid,184 
uricAcid,427 
uricAcid,269 
uricAcid,251 
uricAcid,344 
uricAcid,224 
uricAcid,358 
uricAcid,387 
uricAcid,253 
uricAcid,305 
uricAcid,263 
uricAcid,260 
uricAcid,389 
uricAcid,207 
uricAcid,261 
uricAcid,272 
uricAcid,277 
uricAcid,254 
uricAcid,114 
uricAcid,307 
uricAcid,527 
uricAcid,211 
uricAcid,247 
uricAcid,352 
uricAcid,329 
uricAcid,263 
uricAcid,236 
uricAcid,300 
uricAcid,341 
uricAcid,256 
uricAcid,373 
uricAcid,208 
uricAcid,327 
uricAcid,250 
uricAcid,415 
uricAcid,261 
uricAcid,229 
uricAcid,455 
uricAcid,287 
uricAcid,205 
uricAcid,324 
uricAcid,411 
uricAcid,198 
uricAcid,252 
uricAcid,256 
uricAcid,300 
uricAcid,312 
uricAcid,707 
uricAcid,233 
uricAcid,308 
uricAcid,276 
uricAcid,213 
uricAcid,202 
uricAcid,242 
uricAcid,266 
uricAcid,250 
uricAcid,269 
uricAcid,228 
uricAcid,517 
uricAcid,261 
uricAcid,598 
uricAcid,265 
uricAcid,229 
uricAcid,255 
uricAcid,376 
uricAcid,216 
uricAcid,324 
uricAcid,281 
uricAcid,466 
uricAcid,252 
uricAcid,539 
uricAcid,280 
uricAcid,471 
uricAcid,234 
uricAcid,412 
uricAcid,300 
uricAcid,374 
uricAcid,207 
uricAcid,348 
uricAcid,228 
uricAcid,370 
uricAcid,337 
uricAcid,419 
uricAcid,239 
uricAcid,358 
uricAcid,366 
uricAcid,227 
uricAcid,375 
uricAcid,250 
uricAcid,254 
uricAcid,431 
uricAcid,269 
uricAcid,295 
uricAcid,257 
uricAcid,352 
uricAcid,287 
uricAcid,377 
uricAcid,340 
uricAcid,293 
uricAcid,349 
uricAcid,364 
uricAcid,292 
uricAcid,280 
uricAcid,196 
uricAcid,305 
uricAcid,232 
uricAcid,316 
uricAcid,345 
uricAcid,318 
uricAcid,426 
uricAcid,316 
uricAcid,378 
uricAcid,500 
uricAcid,440 
uricAcid,223 
uricAcid,246 
uricAcid,371 
uricAcid,379 
uricAcid,168 
uricAcid,442 
uricAcid,322 
uricAcid,336 
uricAcid,277 
uricAcid,291 
uricAcid,355 
uricAcid,358 
uricAcid,262 
uricAcid,434 
uricAcid,247 
uricAcid,375 
uricAcid,339 
uricAcid,297 
uricAcid,390 
uricAcid,393 
uricAcid,293 
uricAcid,463 
uricAcid,313 
uricAcid,328 
uricAcid,304 
uricAcid,242 
uricAcid,252 
uricAcid,321 
uricAcid,457 
uricAcid,269 
uricAcid,407 
uricAcid,309 
uricAcid,352 
uricAcid,216 
uricAcid,434 
uricAcid,221 
uricAcid,318 
uricAcid,190 
uricAcid,390 
uricAcid,223 
uricAcid,272 
uricAcid,313 
uricAcid,151 
uricAcid,218 
uricAcid,171 
uricAcid,299 
uricAcid,257 
uricAcid,237 
uricAcid,237 
uricAcid,249 
uricAcid,777 
uricAcid,305 
uricAcid,398 
uricAcid,268 
uricAcid,451 
uricAcid,237 
uricAcid,263 
uricAcid,190 
uricAcid,453 
uricAcid,333 
uricAcid,255 
uricAcid,330 
uricAcid,292 
uricAcid,413 
uricAcid,294 
uricAcid,185 
uricAcid,284 
uricAcid,268 
uricAcid,382 
uricAcid,273 
uricAcid,307 
uricAcid,230 
uricAcid,167 
uricAcid,201 
uricAcid,371 
uricAcid,176 
uricAcid,288 
uricAcid,214 
uricAcid,221 
uricAcid,266 
uricAcid,153 
uricAcid,254 
uricAcid,181 
uricAcid,246 
uricAcid,146 
uricAcid,249 
uricAcid,234 
uricAcid,234 
uricAcid,196 
uricAcid,228 
uricAcid,249 
uricAcid,242 
uricAcid,227 
uricAcid,200 
uricAcid,175 
uricAcid,150 
uricAcid,225 
uricAcid,166 
uricAcid,259 
uricAcid,221 
uricAcid,179 
uricAcid,249 
uricAcid,250 
uricAcid,108 
uricAcid,197 
uricAcid,290 
uricAcid,258 
uricAcid,230 
uricAcid,237 
uricAcid,344 
uricAcid,284 
uricAcid,397 
uricAcid,260 
uricAcid,168 
uricAcid,211 
uricAcid,267 
uricAcid,286 
uricAcid,190 
uricAcid,234 
uricAcid,184 
uricAcid,286 
uricAcid,174 
uricAcid,375 
uricAcid,186 
uricAcid,198 
uricAcid,237 
uricAcid,359 
uricAcid,234 
uricAcid,242 
uricAcid,310 
uricAcid,183 
uricAcid,263 
uricAcid,303 
uricAcid,328 
uricAcid,248 
uricAcid,243 
uricAcid,321 
uricAcid,263 
uricAcid,283 
uricAcid,408 
uricAcid,308 
uricAcid,207 
uricAcid,252 
uricAcid,326 
uricAcid,362 
uricAcid,236 
uricAcid,168 
uricAcid,322 
uricAcid,357 
uricAcid,278 
uricAcid,242 
uricAcid,302 
uricAcid,264 
uricAcid,183 
uricAcid,497 
uricAcid,181 
uricAcid,207 
uricAcid,285 
uricAcid,214 
uricAcid,237 
uricAcid,223 
uricAcid,225 
uricAcid,245 
uricAcid,217 
uricAcid,300 
uricAcid,288 
uricAcid,172 
uricAcid,381 
uricAcid,256 
uricAcid,371 
uricAcid,161 
uricAcid,187 
uricAcid,240 
uricAcid,178 
uricAcid,274 
uricAcid,218 
uricAcid,279 
uricAcid,202 
uricAcid,226 
uricAcid,193 
uricAcid,222 
uricAcid,318 
uricAcid,219 
uricAcid,230 
uricAcid,226 
uricAcid,262 
uricAcid,340 
uricAcid,208 
uricAcid,358 
uricAcid,354 
uricAcid,150 
uricAcid,148 
uricAcid,170 
uricAcid,305 
uricAcid,248 
uricAcid,123 
uricAcid,196 
uricAcid,211 
uricAcid,198 
uricAcid,328 
uricAcid,137 
uricAcid,154 
uricAcid,188 
uricAcid,214 
uricAcid,217 
uricAcid,288 
uricAcid,315 
uricAcid,141 
uricAcid,135 
uricAcid,193 
uricAcid,303 
uricAcid,284 
uricAcid,169 
uricAcid,148 
uricAcid,109 
uricAcid,391 
uricAcid,137 
uricAcid,327 
uricAcid,158 
uricAcid,134 
uricAcid,200 
uricAcid,239 
uricAcid,301 
uricAcid,233 
uricAcid,212 
uricAcid,193 
uricAcid,159 
uricAcid,222 
uricAcid,153 
uricAcid,268 
uricAcid,278 
uricAcid,203 
uricAcid,279 
uricAcid,251 
uricAcid,127 
uricAcid,176 
uricAcid,150 
uricAcid,275 
uricAcid,266 
uricAcid,259 
uricAcid,269 
uricAcid,193 
uricAcid,350 
uricAcid,304 
uricAcid,237 
uricAcid,223 
uricAcid,537 
uricAcid,317 
uricAcid,204 
uricAcid,363 
uricAcid,337 
uricAcid,288 
uricAcid,320 
uricAcid,281 
uricAcid,274 
uricAcid,250 
uricAcid,313 
uricAcid,169 
uricAcid,355 
uricAcid,302 
uricAcid,204 
uricAcid,327 
uricAcid,296 
uricAcid,320 
uricAcid,268 
uricAcid,273 
uricAcid,239 
uricAcid,516 
uricAcid,313 
uricAcid,189 
uricAcid,211 
uricAcid,336 
uricAcid,156 
uricAcid,225 
uricAcid,266 
uricAcid,292 
uricAcid,268 
uricAcid,197 
uricAcid,274 
uricAcid,238 
uricAcid,263 
uricAcid,295 
uricAcid,287 
uricAcid,286 
uricAcid,189 
uricAcid,511 
uricAcid,458 
uricAcid,333 
uricAcid,397 
uricAcid,300 
uricAcid,198 
uricAcid,245 
uricAcid,302 
uricAcid,260 
uricAcid,320 
uricAcid,217 
uricAcid,387 
uricAcid,258 
uricAcid,363 
uricAcid,208 
uricAcid,418 
uricAcid,153 
uricAcid,317 
uricAcid,278 
uricAcid,330 
uricAcid,337 
uricAcid,507 
uricAcid,267 
uricAcid,360 
uricAcid,264 
uricAcid,239 
uricAcid,335 
uricAcid,278 
uricAcid,233 
uricAcid,333 
uricAcid,254 
uricAcid,180 
uricAcid,335 
uricAcid,268 
uricAcid,329 
uricAcid,254 
uricAcid,348 
uricAcid,350 
uricAcid,200 
uricAcid,291 
uricAcid,222 
uricAcid,226 
uricAcid,265 
uricAcid,117 
uricAcid,291 
uricAcid,309 
uricAcid,223 
uricAcid,369 
uricAcid,195 
uricAcid,190 
uricAcid,375 
uricAcid,254 
uricAcid,193 
uricAcid,212 
uricAcid,440 
uricAcid,374 
uricAcid,204 
uricAcid,230 
uricAcid,413 
uricAcid,247 
uricAcid,374 
uricAcid,191 
uricAcid,242 
uricAcid,369 
uricAcid,484 
uricAcid,436 
uricAcid,279 
uricAcid,306 
uricAcid,357 
uricAcid,259 
uricAcid,367 
uricAcid,258 
uricAcid,307 
uricAcid,308 
uricAcid,387 
uricAcid,503 
uricAcid,426 
uricAcid,260 
uricAcid,408 
uricAcid,373 
uricAcid,397 
uricAcid,331 
uricAcid,350 
uricAcid,347 
uricAcid,280 
uricAcid,309 
uricAcid,256 
uricAcid,294 
uricAcid,198 
uricAcid,348 
uricAcid,370 
uricAcid,250 
uricAcid,316 
uricAcid,281 
uricAcid,338 
uricAcid,299 
uricAcid,339 
uricAcid,333 
uricAcid,270 
uricAcid,323 
uricAcid,207 
uricAcid,291 
uricAcid,336 
uricAcid,295 
uricAcid,218 
uricAcid,253 
uricAcid,371 
uricAcid,250 
uricAcid,380 
uricAcid,225 
uricAcid,254 
uricAcid,391 
uricAcid,246 
uricAcid,372 
uricAcid,269 
uricAcid,247 
uricAcid,414 
uricAcid,416 
uricAcid,438 
uricAcid,465 
uricAcid,339 
uricAcid,344 
uricAcid,514 
uricAcid,214 
uricAcid,199 
uricAcid,223 
uricAcid,325 
uricAcid,444 
uricAcid,264 
uricAcid,167 
uricAcid,264 
uricAcid,132 
uricAcid,248 
uricAcid,326 
uricAcid,388 
uricAcid,295 
uricAcid,242 
uricAcid,197 
uricAcid,266 
uricAcid,302 
uricAcid,281 
uricAcid,295 
uricAcid,212 
uricAcid,170 
uricAcid,333 
uricAcid,246 
uricAcid,217 
uricAcid,187 
uricAcid,232 
uricAcid,138 
uricAcid,263 
uricAcid,316 
uricAcid,256 
uricAcid,289 
uricAcid,331 
uricAcid,209 
uricAcid,196 
uricAcid,296 
uricAcid,523 
uricAcid,243 
uricAcid,256 
uricAcid,234 
uricAcid,301 
uricAcid,307 
